data_origin,source_record_id,compound,day,dose_cmax_multiple,endpoint,value,missing,source_file,source_sheet,source_row,source_cell,source_doi,dose_unit,response_unit,chip_id,sample_id,run_id,donor_id,pairing_status,missing_reason,measurement_kind
synthetic,development_000_0_0,sim_000,3,1.0,albumin_percent,131.69437580223212,False,generated,clean,1,development_000_0_0,,x_unbound_cmax,percent_source_normalised,sim_chip_development_000_0_0,sim_sample_development_000_0_0,sim_run_development_000,,not_applicable,,original
synthetic,development_000_0_1,sim_000,3,1.0,albumin_percent,118.35611245632684,False,generated,clean,2,development_000_0_1,,x_unbound_cmax,percent_source_normalised,sim_chip_development_000_0_1,sim_sample_development_000_0_1,sim_run_development_000,,not_applicable,,original
synthetic,development_000_1_0,sim_000,3,3.1622776601683795,albumin_percent,123.46793774583824,False,generated,clean,3,development_000_1_0,,x_unbound_cmax,percent_source_normalised,sim_chip_development_000_1_0,sim_sample_development_000_1_0,sim_run_development_000,,not_applicable,,original
synthetic,development_000_1_1,sim_000,3,3.1622776601683795,albumin_percent,136.55076884881194,False,generated,clean,4,development_000_1_1,,x_unbound_cmax,percent_source_normalised,sim_chip_development_000_1_1,sim_sample_development_000_1_1,sim_run_development_000,,not_applicable,,original
synthetic,development_000_2_0,sim_000,3,10.0,albumin_percent,130.7500655460267,False,generated,clean,5,development_000_2_0,,x_unbound_cmax,percent_source_normalised,sim_chip_development_000_2_0,sim_sample_development_000_2_0,sim_run_development_000,,not_applicable,,original
synthetic,development_000_2_1,sim_000,3,10.0,albumin_percent,108.07466746864543,False,generated,clean,6,development_000_2_1,,x_unbound_cmax,percent_source_normalised,sim_chip_development_000_2_1,sim_sample_development_000_2_1,sim_run_development_000,,not_applicable,,original
synthetic,development_000_3_0,sim_000,3,31.622776601683793,albumin_percent,85.28087744159588,False,generated,clean,7,development_000_3_0,,x_unbound_cmax,percent_source_normalised,sim_chip_development_000_3_0,sim_sample_development_000_3_0,sim_run_development_000,,not_applicable,,original
synthetic,development_000_3_1,sim_000,3,31.622776601683793,albumin_percent,93.72699767757759,False,generated,clean,8,development_000_3_1,,x_unbound_cmax,percent_source_normalised,sim_chip_development_000_3_1,sim_sample_development_000_3_1,sim_run_development_000,,not_applicable,,original
synthetic,development_000_4_0,sim_000,3,100.0,albumin_percent,26.81917083819158,False,generated,clean,9,development_000_4_0,,x_unbound_cmax,percent_source_normalised,sim_chip_development_000_4_0,sim_sample_development_000_4_0,sim_run_development_000,,not_applicable,,original
synthetic,development_000_4_1,sim_000,3,100.0,albumin_percent,32.96945726335296,False,generated,clean,10,development_000_4_1,,x_unbound_cmax,percent_source_normalised,sim_chip_development_000_4_1,sim_sample_development_000_4_1,sim_run_development_000,,not_applicable,,original
synthetic,development_000_5_0,sim_000,3,316.22776601683796,albumin_percent,12.746969523064298,False,generated,clean,11,development_000_5_0,,x_unbound_cmax,percent_source_normalised,sim_chip_development_000_5_0,sim_sample_development_000_5_0,sim_run_development_000,,not_applicable,,original
synthetic,development_000_5_1,sim_000,3,316.22776601683796,albumin_percent,9.377578699760111,False,generated,clean,12,development_000_5_1,,x_unbound_cmax,percent_source_normalised,sim_chip_development_000_5_1,sim_sample_development_000_5_1,sim_run_development_000,,not_applicable,,original
synthetic,development_001_0_0,sim_001,3,1.0,albumin_percent,150.6464941883398,False,generated,random_missing,1,development_001_0_0,,x_unbound_cmax,percent_source_normalised,sim_chip_development_001_0_0,sim_sample_development_001_0_0,sim_run_development_001,,not_applicable,,original
synthetic,development_001_0_1,sim_001,3,1.0,albumin_percent,138.70024788835772,False,generated,random_missing,2,development_001_0_1,,x_unbound_cmax,percent_source_normalised,sim_chip_development_001_0_1,sim_sample_development_001_0_1,sim_run_development_001,,not_applicable,,original
synthetic,development_001_1_0,sim_001,3,3.1622776601683795,albumin_percent,144.86953539155922,False,generated,random_missing,3,development_001_1_0,,x_unbound_cmax,percent_source_normalised,sim_chip_development_001_1_0,sim_sample_development_001_1_0,sim_run_development_001,,not_applicable,,original
synthetic,development_001_1_1,sim_001,3,3.1622776601683795,albumin_percent,122.49549274027652,False,generated,random_missing,4,development_001_1_1,,x_unbound_cmax,percent_source_normalised,sim_chip_development_001_1_1,sim_sample_development_001_1_1,sim_run_development_001,,not_applicable,,original
synthetic,development_001_2_0,sim_001,3,10.0,albumin_percent,116.54715159416529,False,generated,random_missing,5,development_001_2_0,,x_unbound_cmax,percent_source_normalised,sim_chip_development_001_2_0,sim_sample_development_001_2_0,sim_run_development_001,,not_applicable,,original
synthetic,development_001_2_1,sim_001,3,10.0,albumin_percent,124.54084303249917,False,generated,random_missing,6,development_001_2_1,,x_unbound_cmax,percent_source_normalised,sim_chip_development_001_2_1,sim_sample_development_001_2_1,sim_run_development_001,,not_applicable,,original
synthetic,development_001_3_0,sim_001,3,31.622776601683793,albumin_percent,76.34062406133596,False,generated,random_missing,7,development_001_3_0,,x_unbound_cmax,percent_source_normalised,sim_chip_development_001_3_0,sim_sample_development_001_3_0,sim_run_development_001,,not_applicable,,original
synthetic,development_001_3_1,sim_001,3,31.622776601683793,albumin_percent,73.17288314081652,False,generated,random_missing,8,development_001_3_1,,x_unbound_cmax,percent_source_normalised,sim_chip_development_001_3_1,sim_sample_development_001_3_1,sim_run_development_001,,not_applicable,,original
synthetic,development_001_4_0,sim_001,3,100.0,albumin_percent,,True,generated,random_missing,9,development_001_4_0,,x_unbound_cmax,percent_source_normalised,sim_chip_development_001_4_0,sim_sample_development_001_4_0,sim_run_development_001,,not_applicable,random_missing,original
synthetic,development_001_4_1,sim_001,3,100.0,albumin_percent,,True,generated,random_missing,10,development_001_4_1,,x_unbound_cmax,percent_source_normalised,sim_chip_development_001_4_1,sim_sample_development_001_4_1,sim_run_development_001,,not_applicable,random_missing,original
synthetic,development_001_5_0,sim_001,3,316.22776601683796,albumin_percent,,True,generated,random_missing,11,development_001_5_0,,x_unbound_cmax,percent_source_normalised,sim_chip_development_001_5_0,sim_sample_development_001_5_0,sim_run_development_001,,not_applicable,random_missing,original
synthetic,development_001_5_1,sim_001,3,316.22776601683796,albumin_percent,42.45261399633364,False,generated,random_missing,12,development_001_5_1,,x_unbound_cmax,percent_source_normalised,sim_chip_development_001_5_1,sim_sample_development_001_5_1,sim_run_development_001,,not_applicable,,original
synthetic,development_002_0_0,sim_002,3,1.0,albumin_percent,148.2080083677382,False,generated,response_dependent_missing,1,development_002_0_0,,x_unbound_cmax,percent_source_normalised,sim_chip_development_002_0_0,sim_sample_development_002_0_0,sim_run_development_002,,not_applicable,,original
synthetic,development_002_0_1,sim_002,3,1.0,albumin_percent,145.18806175740042,False,generated,response_dependent_missing,2,development_002_0_1,,x_unbound_cmax,percent_source_normalised,sim_chip_development_002_0_1,sim_sample_development_002_0_1,sim_run_development_002,,not_applicable,,original
synthetic,development_002_1_0,sim_002,3,3.1622776601683795,albumin_percent,132.31891347887364,False,generated,response_dependent_missing,3,development_002_1_0,,x_unbound_cmax,percent_source_normalised,sim_chip_development_002_1_0,sim_sample_development_002_1_0,sim_run_development_002,,not_applicable,,original
synthetic,development_002_1_1,sim_002,3,3.1622776601683795,albumin_percent,106.90621052774536,False,generated,response_dependent_missing,4,development_002_1_1,,x_unbound_cmax,percent_source_normalised,sim_chip_development_002_1_1,sim_sample_development_002_1_1,sim_run_development_002,,not_applicable,,original
synthetic,development_002_2_0,sim_002,3,10.0,albumin_percent,81.25096123292377,False,generated,response_dependent_missing,5,development_002_2_0,,x_unbound_cmax,percent_source_normalised,sim_chip_development_002_2_0,sim_sample_development_002_2_0,sim_run_development_002,,not_applicable,,original
synthetic,development_002_2_1,sim_002,3,10.0,albumin_percent,96.51951082902976,False,generated,response_dependent_missing,6,development_002_2_1,,x_unbound_cmax,percent_source_normalised,sim_chip_development_002_2_1,sim_sample_development_002_2_1,sim_run_development_002,,not_applicable,,original
synthetic,development_002_3_0,sim_002,3,31.622776601683793,albumin_percent,,True,generated,response_dependent_missing,7,development_002_3_0,,x_unbound_cmax,percent_source_normalised,sim_chip_development_002_3_0,sim_sample_development_002_3_0,sim_run_development_002,,not_applicable,response_dependent_missing,original
synthetic,development_002_3_1,sim_002,3,31.622776601683793,albumin_percent,31.78382683465361,False,generated,response_dependent_missing,8,development_002_3_1,,x_unbound_cmax,percent_source_normalised,sim_chip_development_002_3_1,sim_sample_development_002_3_1,sim_run_development_002,,not_applicable,,original
synthetic,development_002_4_0,sim_002,3,100.0,albumin_percent,20.61920399688252,False,generated,response_dependent_missing,9,development_002_4_0,,x_unbound_cmax,percent_source_normalised,sim_chip_development_002_4_0,sim_sample_development_002_4_0,sim_run_development_002,,not_applicable,,original
synthetic,development_002_4_1,sim_002,3,100.0,albumin_percent,,True,generated,response_dependent_missing,10,development_002_4_1,,x_unbound_cmax,percent_source_normalised,sim_chip_development_002_4_1,sim_sample_development_002_4_1,sim_run_development_002,,not_applicable,response_dependent_missing,original
synthetic,development_002_5_0,sim_002,3,316.22776601683796,albumin_percent,,True,generated,response_dependent_missing,11,development_002_5_0,,x_unbound_cmax,percent_source_normalised,sim_chip_development_002_5_0,sim_sample_development_002_5_0,sim_run_development_002,,not_applicable,response_dependent_missing,original
synthetic,development_002_5_1,sim_002,3,316.22776601683796,albumin_percent,,True,generated,response_dependent_missing,12,development_002_5_1,,x_unbound_cmax,percent_source_normalised,sim_chip_development_002_5_1,sim_sample_development_002_5_1,sim_run_development_002,,not_applicable,response_dependent_missing,original
synthetic,development_003_0_0,sim_003,3,1.0,albumin_percent,131.48220782444992,False,generated,truncated_range,1,development_003_0_0,,x_unbound_cmax,percent_source_normalised,sim_chip_development_003_0_0,sim_sample_development_003_0_0,sim_run_development_003,,not_applicable,,original
synthetic,development_003_0_1,sim_003,3,1.0,albumin_percent,147.6825951463801,False,generated,truncated_range,2,development_003_0_1,,x_unbound_cmax,percent_source_normalised,sim_chip_development_003_0_1,sim_sample_development_003_0_1,sim_run_development_003,,not_applicable,,original
synthetic,development_003_1_0,sim_003,3,3.1622776601683795,albumin_percent,125.23292360005497,False,generated,truncated_range,3,development_003_1_0,,x_unbound_cmax,percent_source_normalised,sim_chip_development_003_1_0,sim_sample_development_003_1_0,sim_run_development_003,,not_applicable,,original
synthetic,development_003_1_1,sim_003,3,3.1622776601683795,albumin_percent,133.62458148916872,False,generated,truncated_range,4,development_003_1_1,,x_unbound_cmax,percent_source_normalised,sim_chip_development_003_1_1,sim_sample_development_003_1_1,sim_run_development_003,,not_applicable,,original
synthetic,development_003_2_0,sim_003,3,10.0,albumin_percent,121.17645909727572,False,generated,truncated_range,5,development_003_2_0,,x_unbound_cmax,percent_source_normalised,sim_chip_development_003_2_0,sim_sample_development_003_2_0,sim_run_development_003,,not_applicable,,original
synthetic,development_003_2_1,sim_003,3,10.0,albumin_percent,117.09715245929104,False,generated,truncated_range,6,development_003_2_1,,x_unbound_cmax,percent_source_normalised,sim_chip_development_003_2_1,sim_sample_development_003_2_1,sim_run_development_003,,not_applicable,,original
synthetic,development_003_3_0,sim_003,3,31.622776601683793,albumin_percent,63.1533011443549,False,generated,truncated_range,7,development_003_3_0,,x_unbound_cmax,percent_source_normalised,sim_chip_development_003_3_0,sim_sample_development_003_3_0,sim_run_development_003,,not_applicable,,original
synthetic,development_003_3_1,sim_003,3,31.622776601683793,albumin_percent,66.35972384966227,False,generated,truncated_range,8,development_003_3_1,,x_unbound_cmax,percent_source_normalised,sim_chip_development_003_3_1,sim_sample_development_003_3_1,sim_run_development_003,,not_applicable,,original
synthetic,development_004_0_0,sim_004,3,1.0,albumin_percent,137.2161534378465,False,generated,singletons,1,development_004_0_0,,x_unbound_cmax,percent_source_normalised,sim_chip_development_004_0_0,sim_sample_development_004_0_0,sim_run_development_004,,not_applicable,,original
synthetic,development_004_1_0,sim_004,3,3.1622776601683795,albumin_percent,123.43336660178115,False,generated,singletons,2,development_004_1_0,,x_unbound_cmax,percent_source_normalised,sim_chip_development_004_1_0,sim_sample_development_004_1_0,sim_run_development_004,,not_applicable,,original
synthetic,development_004_2_0,sim_004,3,10.0,albumin_percent,128.0701693023489,False,generated,singletons,3,development_004_2_0,,x_unbound_cmax,percent_source_normalised,sim_chip_development_004_2_0,sim_sample_development_004_2_0,sim_run_development_004,,not_applicable,,original
synthetic,development_004_3_0,sim_004,3,31.622776601683793,albumin_percent,77.52642766368982,False,generated,singletons,4,development_004_3_0,,x_unbound_cmax,percent_source_normalised,sim_chip_development_004_3_0,sim_sample_development_004_3_0,sim_run_development_004,,not_applicable,,original
synthetic,development_004_4_0,sim_004,3,100.0,albumin_percent,48.406473812290244,False,generated,singletons,5,development_004_4_0,,x_unbound_cmax,percent_source_normalised,sim_chip_development_004_4_0,sim_sample_development_004_4_0,sim_run_development_004,,not_applicable,,original
synthetic,development_004_5_0,sim_004,3,316.22776601683796,albumin_percent,39.05824357482334,False,generated,singletons,6,development_004_5_0,,x_unbound_cmax,percent_source_normalised,sim_chip_development_004_5_0,sim_sample_development_004_5_0,sim_run_development_004,,not_applicable,,original
synthetic,development_005_0_0,sim_005,3,1.0,albumin_percent,101.22586718846449,False,generated,influential_reading,1,development_005_0_0,,x_unbound_cmax,percent_source_normalised,sim_chip_development_005_0_0,sim_sample_development_005_0_0,sim_run_development_005,,not_applicable,,original
synthetic,development_005_0_1,sim_005,3,1.0,albumin_percent,108.98568179248431,False,generated,influential_reading,2,development_005_0_1,,x_unbound_cmax,percent_source_normalised,sim_chip_development_005_0_1,sim_sample_development_005_0_1,sim_run_development_005,,not_applicable,,original
synthetic,development_005_1_0,sim_005,3,3.1622776601683795,albumin_percent,95.87720975858228,False,generated,influential_reading,3,development_005_1_0,,x_unbound_cmax,percent_source_normalised,sim_chip_development_005_1_0,sim_sample_development_005_1_0,sim_run_development_005,,not_applicable,,original
synthetic,development_005_1_1,sim_005,3,3.1622776601683795,albumin_percent,98.05288277642217,False,generated,influential_reading,4,development_005_1_1,,x_unbound_cmax,percent_source_normalised,sim_chip_development_005_1_1,sim_sample_development_005_1_1,sim_run_development_005,,not_applicable,,original
synthetic,development_005_2_0,sim_005,3,10.0,albumin_percent,99.3881088387543,False,generated,influential_reading,5,development_005_2_0,,x_unbound_cmax,percent_source_normalised,sim_chip_development_005_2_0,sim_sample_development_005_2_0,sim_run_development_005,,not_applicable,,original
synthetic,development_005_2_1,sim_005,3,10.0,albumin_percent,106.63569433344296,False,generated,influential_reading,6,development_005_2_1,,x_unbound_cmax,percent_source_normalised,sim_chip_development_005_2_1,sim_sample_development_005_2_1,sim_run_development_005,,not_applicable,,original
synthetic,development_005_3_0,sim_005,3,31.622776601683793,albumin_percent,184.13032421879254,False,generated,influential_reading,7,development_005_3_0,,x_unbound_cmax,percent_source_normalised,sim_chip_development_005_3_0,sim_sample_development_005_3_0,sim_run_development_005,,not_applicable,,original
synthetic,development_005_3_1,sim_005,3,31.622776601683793,albumin_percent,86.02953361958359,False,generated,influential_reading,8,development_005_3_1,,x_unbound_cmax,percent_source_normalised,sim_chip_development_005_3_1,sim_sample_development_005_3_1,sim_run_development_005,,not_applicable,,original
synthetic,development_005_4_0,sim_005,3,100.0,albumin_percent,50.352704134157314,False,generated,influential_reading,9,development_005_4_0,,x_unbound_cmax,percent_source_normalised,sim_chip_development_005_4_0,sim_sample_development_005_4_0,sim_run_development_005,,not_applicable,,original
synthetic,development_005_4_1,sim_005,3,100.0,albumin_percent,57.95103726218182,False,generated,influential_reading,10,development_005_4_1,,x_unbound_cmax,percent_source_normalised,sim_chip_development_005_4_1,sim_sample_development_005_4_1,sim_run_development_005,,not_applicable,,original
synthetic,development_005_5_0,sim_005,3,316.22776601683796,albumin_percent,29.633148430511334,False,generated,influential_reading,11,development_005_5_0,,x_unbound_cmax,percent_source_normalised,sim_chip_development_005_5_0,sim_sample_development_005_5_0,sim_run_development_005,,not_applicable,,original
synthetic,development_005_5_1,sim_005,3,316.22776601683796,albumin_percent,17.41717453660028,False,generated,influential_reading,12,development_005_5_1,,x_unbound_cmax,percent_source_normalised,sim_chip_development_005_5_1,sim_sample_development_005_5_1,sim_run_development_005,,not_applicable,,original
synthetic,development_006_0_0,sim_006,3,1.0,albumin_percent,92.0880103857727,False,generated,non_monotonic,1,development_006_0_0,,x_unbound_cmax,percent_source_normalised,sim_chip_development_006_0_0,sim_sample_development_006_0_0,sim_run_development_006,,not_applicable,,original
synthetic,development_006_0_1,sim_006,3,1.0,albumin_percent,102.3078241616102,False,generated,non_monotonic,2,development_006_0_1,,x_unbound_cmax,percent_source_normalised,sim_chip_development_006_0_1,sim_sample_development_006_0_1,sim_run_development_006,,not_applicable,,original
synthetic,development_006_1_0,sim_006,3,3.1622776601683795,albumin_percent,79.98969451414442,False,generated,non_monotonic,3,development_006_1_0,,x_unbound_cmax,percent_source_normalised,sim_chip_development_006_1_0,sim_sample_development_006_1_0,sim_run_development_006,,not_applicable,,original
synthetic,development_006_1_1,sim_006,3,3.1622776601683795,albumin_percent,107.61768214865177,False,generated,non_monotonic,4,development_006_1_1,,x_unbound_cmax,percent_source_normalised,sim_chip_development_006_1_1,sim_sample_development_006_1_1,sim_run_development_006,,not_applicable,,original
synthetic,development_006_2_0,sim_006,3,10.0,albumin_percent,79.42250268716553,False,generated,non_monotonic,5,development_006_2_0,,x_unbound_cmax,percent_source_normalised,sim_chip_development_006_2_0,sim_sample_development_006_2_0,sim_run_development_006,,not_applicable,,original
synthetic,development_006_2_1,sim_006,3,10.0,albumin_percent,83.5719062872914,False,generated,non_monotonic,6,development_006_2_1,,x_unbound_cmax,percent_source_normalised,sim_chip_development_006_2_1,sim_sample_development_006_2_1,sim_run_development_006,,not_applicable,,original
synthetic,development_006_3_0,sim_006,3,31.622776601683793,albumin_percent,60.45885358082928,False,generated,non_monotonic,7,development_006_3_0,,x_unbound_cmax,percent_source_normalised,sim_chip_development_006_3_0,sim_sample_development_006_3_0,sim_run_development_006,,not_applicable,,original
synthetic,development_006_3_1,sim_006,3,31.622776601683793,albumin_percent,63.729406685292524,False,generated,non_monotonic,8,development_006_3_1,,x_unbound_cmax,percent_source_normalised,sim_chip_development_006_3_1,sim_sample_development_006_3_1,sim_run_development_006,,not_applicable,,original
synthetic,development_006_4_0,sim_006,3,100.0,albumin_percent,78.03609161173736,False,generated,non_monotonic,9,development_006_4_0,,x_unbound_cmax,percent_source_normalised,sim_chip_development_006_4_0,sim_sample_development_006_4_0,sim_run_development_006,,not_applicable,,original
synthetic,development_006_4_1,sim_006,3,100.0,albumin_percent,88.37964607871983,False,generated,non_monotonic,10,development_006_4_1,,x_unbound_cmax,percent_source_normalised,sim_chip_development_006_4_1,sim_sample_development_006_4_1,sim_run_development_006,,not_applicable,,original
synthetic,development_006_5_0,sim_006,3,316.22776601683796,albumin_percent,7.6463643397463095,False,generated,non_monotonic,11,development_006_5_0,,x_unbound_cmax,percent_source_normalised,sim_chip_development_006_5_0,sim_sample_development_006_5_0,sim_run_development_006,,not_applicable,,original
synthetic,development_006_5_1,sim_006,3,316.22776601683796,albumin_percent,20.674867550056344,False,generated,non_monotonic,12,development_006_5_1,,x_unbound_cmax,percent_source_normalised,sim_chip_development_006_5_1,sim_sample_development_006_5_1,sim_run_development_006,,not_applicable,,original
synthetic,development_007_0_0,sim_007,3,1.0,albumin_percent,118.65257133161273,False,generated,run_shift,1,development_007_0_0,,x_unbound_cmax,percent_source_normalised,sim_chip_development_007_0_0,sim_sample_development_007_0_0,sim_run_development_007,,not_applicable,,original
synthetic,development_007_0_1,sim_007,3,1.0,albumin_percent,112.02727302156246,False,generated,run_shift,2,development_007_0_1,,x_unbound_cmax,percent_source_normalised,sim_chip_development_007_0_1,sim_sample_development_007_0_1,sim_run_development_007,,not_applicable,,original
synthetic,development_007_1_0,sim_007,3,3.1622776601683795,albumin_percent,109.75628325723243,False,generated,run_shift,3,development_007_1_0,,x_unbound_cmax,percent_source_normalised,sim_chip_development_007_1_0,sim_sample_development_007_1_0,sim_run_development_007,,not_applicable,,original
synthetic,development_007_1_1,sim_007,3,3.1622776601683795,albumin_percent,109.58440156666099,False,generated,run_shift,4,development_007_1_1,,x_unbound_cmax,percent_source_normalised,sim_chip_development_007_1_1,sim_sample_development_007_1_1,sim_run_development_007,,not_applicable,,original
synthetic,development_007_2_0,sim_007,3,10.0,albumin_percent,105.30076458170356,False,generated,run_shift,5,development_007_2_0,,x_unbound_cmax,percent_source_normalised,sim_chip_development_007_2_0,sim_sample_development_007_2_0,sim_run_development_007,,not_applicable,,original
synthetic,development_007_2_1,sim_007,3,10.0,albumin_percent,101.39461330541225,False,generated,run_shift,6,development_007_2_1,,x_unbound_cmax,percent_source_normalised,sim_chip_development_007_2_1,sim_sample_development_007_2_1,sim_run_development_007,,not_applicable,,original
synthetic,development_007_3_0,sim_007,3,31.622776601683793,albumin_percent,91.09027935609869,False,generated,run_shift,7,development_007_3_0,,x_unbound_cmax,percent_source_normalised,sim_chip_development_007_3_0,sim_sample_development_007_3_0,sim_run_development_007,,not_applicable,,original
synthetic,development_007_3_1,sim_007,3,31.622776601683793,albumin_percent,86.1621336412352,False,generated,run_shift,8,development_007_3_1,,x_unbound_cmax,percent_source_normalised,sim_chip_development_007_3_1,sim_sample_development_007_3_1,sim_run_development_007,,not_applicable,,original
synthetic,development_007_4_0,sim_007,3,100.0,albumin_percent,56.92684054150031,False,generated,run_shift,9,development_007_4_0,,x_unbound_cmax,percent_source_normalised,sim_chip_development_007_4_0,sim_sample_development_007_4_0,sim_run_development_007,,not_applicable,,original
synthetic,development_007_4_1,sim_007,3,100.0,albumin_percent,68.02183135187047,False,generated,run_shift,10,development_007_4_1,,x_unbound_cmax,percent_source_normalised,sim_chip_development_007_4_1,sim_sample_development_007_4_1,sim_run_development_007,,not_applicable,,original
synthetic,development_007_5_0,sim_007,3,316.22776601683796,albumin_percent,30.57244393408545,False,generated,run_shift,11,development_007_5_0,,x_unbound_cmax,percent_source_normalised,sim_chip_development_007_5_0,sim_sample_development_007_5_0,sim_run_development_007,,not_applicable,,original
synthetic,development_007_5_1,sim_007,3,316.22776601683796,albumin_percent,23.614009513209638,False,generated,run_shift,12,development_007_5_1,,x_unbound_cmax,percent_source_normalised,sim_chip_development_007_5_1,sim_sample_development_007_5_1,sim_run_development_007,,not_applicable,,original
synthetic,development_008_0_0,sim_008,3,1.0,albumin_percent,135.2863596077509,False,generated,clean,1,development_008_0_0,,x_unbound_cmax,percent_source_normalised,sim_chip_development_008_0_0,sim_sample_development_008_0_0,sim_run_development_008,,not_applicable,,original
synthetic,development_008_0_1,sim_008,3,1.0,albumin_percent,141.73152543492853,False,generated,clean,2,development_008_0_1,,x_unbound_cmax,percent_source_normalised,sim_chip_development_008_0_1,sim_sample_development_008_0_1,sim_run_development_008,,not_applicable,,original
synthetic,development_008_1_0,sim_008,3,3.1622776601683795,albumin_percent,120.07505582429478,False,generated,clean,3,development_008_1_0,,x_unbound_cmax,percent_source_normalised,sim_chip_development_008_1_0,sim_sample_development_008_1_0,sim_run_development_008,,not_applicable,,original
synthetic,development_008_1_1,sim_008,3,3.1622776601683795,albumin_percent,127.64546043352335,False,generated,clean,4,development_008_1_1,,x_unbound_cmax,percent_source_normalised,sim_chip_development_008_1_1,sim_sample_development_008_1_1,sim_run_development_008,,not_applicable,,original
synthetic,development_008_2_0,sim_008,3,10.0,albumin_percent,115.92063755929523,False,generated,clean,5,development_008_2_0,,x_unbound_cmax,percent_source_normalised,sim_chip_development_008_2_0,sim_sample_development_008_2_0,sim_run_development_008,,not_applicable,,original
synthetic,development_008_2_1,sim_008,3,10.0,albumin_percent,137.21503140044672,False,generated,clean,6,development_008_2_1,,x_unbound_cmax,percent_source_normalised,sim_chip_development_008_2_1,sim_sample_development_008_2_1,sim_run_development_008,,not_applicable,,original
synthetic,development_008_3_0,sim_008,3,31.622776601683793,albumin_percent,61.66037898052832,False,generated,clean,7,development_008_3_0,,x_unbound_cmax,percent_source_normalised,sim_chip_development_008_3_0,sim_sample_development_008_3_0,sim_run_development_008,,not_applicable,,original
synthetic,development_008_3_1,sim_008,3,31.622776601683793,albumin_percent,74.53513593366308,False,generated,clean,8,development_008_3_1,,x_unbound_cmax,percent_source_normalised,sim_chip_development_008_3_1,sim_sample_development_008_3_1,sim_run_development_008,,not_applicable,,original
synthetic,development_008_4_0,sim_008,3,100.0,albumin_percent,22.364390021139965,False,generated,clean,9,development_008_4_0,,x_unbound_cmax,percent_source_normalised,sim_chip_development_008_4_0,sim_sample_development_008_4_0,sim_run_development_008,,not_applicable,,original
synthetic,development_008_4_1,sim_008,3,100.0,albumin_percent,26.203433353012926,False,generated,clean,10,development_008_4_1,,x_unbound_cmax,percent_source_normalised,sim_chip_development_008_4_1,sim_sample_development_008_4_1,sim_run_development_008,,not_applicable,,original
synthetic,development_008_5_0,sim_008,3,316.22776601683796,albumin_percent,27.275504224485196,False,generated,clean,11,development_008_5_0,,x_unbound_cmax,percent_source_normalised,sim_chip_development_008_5_0,sim_sample_development_008_5_0,sim_run_development_008,,not_applicable,,original
synthetic,development_008_5_1,sim_008,3,316.22776601683796,albumin_percent,14.649268061533238,False,generated,clean,12,development_008_5_1,,x_unbound_cmax,percent_source_normalised,sim_chip_development_008_5_1,sim_sample_development_008_5_1,sim_run_development_008,,not_applicable,,original
synthetic,development_009_0_0,sim_009,3,1.0,albumin_percent,110.94320945162244,False,generated,random_missing,1,development_009_0_0,,x_unbound_cmax,percent_source_normalised,sim_chip_development_009_0_0,sim_sample_development_009_0_0,sim_run_development_009,,not_applicable,,original
synthetic,development_009_0_1,sim_009,3,1.0,albumin_percent,,True,generated,random_missing,2,development_009_0_1,,x_unbound_cmax,percent_source_normalised,sim_chip_development_009_0_1,sim_sample_development_009_0_1,sim_run_development_009,,not_applicable,random_missing,original
synthetic,development_009_1_0,sim_009,3,3.1622776601683795,albumin_percent,103.40618973223945,False,generated,random_missing,3,development_009_1_0,,x_unbound_cmax,percent_source_normalised,sim_chip_development_009_1_0,sim_sample_development_009_1_0,sim_run_development_009,,not_applicable,,original
synthetic,development_009_1_1,sim_009,3,3.1622776601683795,albumin_percent,,True,generated,random_missing,4,development_009_1_1,,x_unbound_cmax,percent_source_normalised,sim_chip_development_009_1_1,sim_sample_development_009_1_1,sim_run_development_009,,not_applicable,random_missing,original
synthetic,development_009_2_0,sim_009,3,10.0,albumin_percent,,True,generated,random_missing,5,development_009_2_0,,x_unbound_cmax,percent_source_normalised,sim_chip_development_009_2_0,sim_sample_development_009_2_0,sim_run_development_009,,not_applicable,random_missing,original
synthetic,development_009_2_1,sim_009,3,10.0,albumin_percent,80.07278616189329,False,generated,random_missing,6,development_009_2_1,,x_unbound_cmax,percent_source_normalised,sim_chip_development_009_2_1,sim_sample_development_009_2_1,sim_run_development_009,,not_applicable,,original
synthetic,development_009_3_0,sim_009,3,31.622776601683793,albumin_percent,27.133698954026453,False,generated,random_missing,7,development_009_3_0,,x_unbound_cmax,percent_source_normalised,sim_chip_development_009_3_0,sim_sample_development_009_3_0,sim_run_development_009,,not_applicable,,original
synthetic,development_009_3_1,sim_009,3,31.622776601683793,albumin_percent,18.535390545608212,False,generated,random_missing,8,development_009_3_1,,x_unbound_cmax,percent_source_normalised,sim_chip_development_009_3_1,sim_sample_development_009_3_1,sim_run_development_009,,not_applicable,,original
synthetic,development_009_4_0,sim_009,3,100.0,albumin_percent,9.185587354506023,False,generated,random_missing,9,development_009_4_0,,x_unbound_cmax,percent_source_normalised,sim_chip_development_009_4_0,sim_sample_development_009_4_0,sim_run_development_009,,not_applicable,,original
synthetic,development_009_4_1,sim_009,3,100.0,albumin_percent,16.392682725736194,False,generated,random_missing,10,development_009_4_1,,x_unbound_cmax,percent_source_normalised,sim_chip_development_009_4_1,sim_sample_development_009_4_1,sim_run_development_009,,not_applicable,,original
synthetic,development_009_5_0,sim_009,3,316.22776601683796,albumin_percent,1.2226451343297526,False,generated,random_missing,11,development_009_5_0,,x_unbound_cmax,percent_source_normalised,sim_chip_development_009_5_0,sim_sample_development_009_5_0,sim_run_development_009,,not_applicable,,original
synthetic,development_009_5_1,sim_009,3,316.22776601683796,albumin_percent,8.509096776064549,False,generated,random_missing,12,development_009_5_1,,x_unbound_cmax,percent_source_normalised,sim_chip_development_009_5_1,sim_sample_development_009_5_1,sim_run_development_009,,not_applicable,,original
synthetic,development_010_0_0,sim_010,3,1.0,albumin_percent,85.59763883477137,False,generated,response_dependent_missing,1,development_010_0_0,,x_unbound_cmax,percent_source_normalised,sim_chip_development_010_0_0,sim_sample_development_010_0_0,sim_run_development_010,,not_applicable,,original
synthetic,development_010_0_1,sim_010,3,1.0,albumin_percent,96.22932572545884,False,generated,response_dependent_missing,2,development_010_0_1,,x_unbound_cmax,percent_source_normalised,sim_chip_development_010_0_1,sim_sample_development_010_0_1,sim_run_development_010,,not_applicable,,original
synthetic,development_010_1_0,sim_010,3,3.1622776601683795,albumin_percent,90.22688851720488,False,generated,response_dependent_missing,3,development_010_1_0,,x_unbound_cmax,percent_source_normalised,sim_chip_development_010_1_0,sim_sample_development_010_1_0,sim_run_development_010,,not_applicable,,original
synthetic,development_010_1_1,sim_010,3,3.1622776601683795,albumin_percent,84.10044588662971,False,generated,response_dependent_missing,4,development_010_1_1,,x_unbound_cmax,percent_source_normalised,sim_chip_development_010_1_1,sim_sample_development_010_1_1,sim_run_development_010,,not_applicable,,original
synthetic,development_010_2_0,sim_010,3,10.0,albumin_percent,74.9268635409726,False,generated,response_dependent_missing,5,development_010_2_0,,x_unbound_cmax,percent_source_normalised,sim_chip_development_010_2_0,sim_sample_development_010_2_0,sim_run_development_010,,not_applicable,,original
synthetic,development_010_2_1,sim_010,3,10.0,albumin_percent,96.57882343979438,False,generated,response_dependent_missing,6,development_010_2_1,,x_unbound_cmax,percent_source_normalised,sim_chip_development_010_2_1,sim_sample_development_010_2_1,sim_run_development_010,,not_applicable,,original
synthetic,development_010_3_0,sim_010,3,31.622776601683793,albumin_percent,32.844149001133104,False,generated,response_dependent_missing,7,development_010_3_0,,x_unbound_cmax,percent_source_normalised,sim_chip_development_010_3_0,sim_sample_development_010_3_0,sim_run_development_010,,not_applicable,,original
synthetic,development_010_3_1,sim_010,3,31.622776601683793,albumin_percent,61.674345894556474,False,generated,response_dependent_missing,8,development_010_3_1,,x_unbound_cmax,percent_source_normalised,sim_chip_development_010_3_1,sim_sample_development_010_3_1,sim_run_development_010,,not_applicable,,original
synthetic,development_010_4_0,sim_010,3,100.0,albumin_percent,29.116365952424463,False,generated,response_dependent_missing,9,development_010_4_0,,x_unbound_cmax,percent_source_normalised,sim_chip_development_010_4_0,sim_sample_development_010_4_0,sim_run_development_010,,not_applicable,,original
synthetic,development_010_4_1,sim_010,3,100.0,albumin_percent,20.962265537819597,False,generated,response_dependent_missing,10,development_010_4_1,,x_unbound_cmax,percent_source_normalised,sim_chip_development_010_4_1,sim_sample_development_010_4_1,sim_run_development_010,,not_applicable,,original
synthetic,development_010_5_0,sim_010,3,316.22776601683796,albumin_percent,,True,generated,response_dependent_missing,11,development_010_5_0,,x_unbound_cmax,percent_source_normalised,sim_chip_development_010_5_0,sim_sample_development_010_5_0,sim_run_development_010,,not_applicable,response_dependent_missing,original
synthetic,development_010_5_1,sim_010,3,316.22776601683796,albumin_percent,23.843899315273397,False,generated,response_dependent_missing,12,development_010_5_1,,x_unbound_cmax,percent_source_normalised,sim_chip_development_010_5_1,sim_sample_development_010_5_1,sim_run_development_010,,not_applicable,,original
synthetic,development_011_0_0,sim_011,3,1.0,albumin_percent,118.4584518871489,False,generated,truncated_range,1,development_011_0_0,,x_unbound_cmax,percent_source_normalised,sim_chip_development_011_0_0,sim_sample_development_011_0_0,sim_run_development_011,,not_applicable,,original
synthetic,development_011_0_1,sim_011,3,1.0,albumin_percent,109.89765812689306,False,generated,truncated_range,2,development_011_0_1,,x_unbound_cmax,percent_source_normalised,sim_chip_development_011_0_1,sim_sample_development_011_0_1,sim_run_development_011,,not_applicable,,original
synthetic,development_011_1_0,sim_011,3,3.1622776601683795,albumin_percent,92.79392373058862,False,generated,truncated_range,3,development_011_1_0,,x_unbound_cmax,percent_source_normalised,sim_chip_development_011_1_0,sim_sample_development_011_1_0,sim_run_development_011,,not_applicable,,original
synthetic,development_011_1_1,sim_011,3,3.1622776601683795,albumin_percent,85.94524524390128,False,generated,truncated_range,4,development_011_1_1,,x_unbound_cmax,percent_source_normalised,sim_chip_development_011_1_1,sim_sample_development_011_1_1,sim_run_development_011,,not_applicable,,original
synthetic,development_011_2_0,sim_011,3,10.0,albumin_percent,95.19766721663746,False,generated,truncated_range,5,development_011_2_0,,x_unbound_cmax,percent_source_normalised,sim_chip_development_011_2_0,sim_sample_development_011_2_0,sim_run_development_011,,not_applicable,,original
synthetic,development_011_2_1,sim_011,3,10.0,albumin_percent,98.58215646489673,False,generated,truncated_range,6,development_011_2_1,,x_unbound_cmax,percent_source_normalised,sim_chip_development_011_2_1,sim_sample_development_011_2_1,sim_run_development_011,,not_applicable,,original
synthetic,development_011_3_0,sim_011,3,31.622776601683793,albumin_percent,85.26403262956809,False,generated,truncated_range,7,development_011_3_0,,x_unbound_cmax,percent_source_normalised,sim_chip_development_011_3_0,sim_sample_development_011_3_0,sim_run_development_011,,not_applicable,,original
synthetic,development_011_3_1,sim_011,3,31.622776601683793,albumin_percent,87.85223864272162,False,generated,truncated_range,8,development_011_3_1,,x_unbound_cmax,percent_source_normalised,sim_chip_development_011_3_1,sim_sample_development_011_3_1,sim_run_development_011,,not_applicable,,original
synthetic,development_012_0_0,sim_012,3,1.0,albumin_percent,87.93547133651856,False,generated,singletons,1,development_012_0_0,,x_unbound_cmax,percent_source_normalised,sim_chip_development_012_0_0,sim_sample_development_012_0_0,sim_run_development_012,,not_applicable,,original
synthetic,development_012_1_0,sim_012,3,3.1622776601683795,albumin_percent,103.47410531057014,False,generated,singletons,2,development_012_1_0,,x_unbound_cmax,percent_source_normalised,sim_chip_development_012_1_0,sim_sample_development_012_1_0,sim_run_development_012,,not_applicable,,original
synthetic,development_012_2_0,sim_012,3,10.0,albumin_percent,95.45451244942407,False,generated,singletons,3,development_012_2_0,,x_unbound_cmax,percent_source_normalised,sim_chip_development_012_2_0,sim_sample_development_012_2_0,sim_run_development_012,,not_applicable,,original
synthetic,development_012_3_0,sim_012,3,31.622776601683793,albumin_percent,101.17009417757724,False,generated,singletons,4,development_012_3_0,,x_unbound_cmax,percent_source_normalised,sim_chip_development_012_3_0,sim_sample_development_012_3_0,sim_run_development_012,,not_applicable,,original
synthetic,development_012_4_0,sim_012,3,100.0,albumin_percent,88.53721658825589,False,generated,singletons,5,development_012_4_0,,x_unbound_cmax,percent_source_normalised,sim_chip_development_012_4_0,sim_sample_development_012_4_0,sim_run_development_012,,not_applicable,,original
synthetic,development_012_5_0,sim_012,3,316.22776601683796,albumin_percent,25.873387880169293,False,generated,singletons,6,development_012_5_0,,x_unbound_cmax,percent_source_normalised,sim_chip_development_012_5_0,sim_sample_development_012_5_0,sim_run_development_012,,not_applicable,,original
synthetic,development_013_0_0,sim_013,3,1.0,albumin_percent,129.6337034960692,False,generated,influential_reading,1,development_013_0_0,,x_unbound_cmax,percent_source_normalised,sim_chip_development_013_0_0,sim_sample_development_013_0_0,sim_run_development_013,,not_applicable,,original
synthetic,development_013_0_1,sim_013,3,1.0,albumin_percent,119.52729473326723,False,generated,influential_reading,2,development_013_0_1,,x_unbound_cmax,percent_source_normalised,sim_chip_development_013_0_1,sim_sample_development_013_0_1,sim_run_development_013,,not_applicable,,original
synthetic,development_013_1_0,sim_013,3,3.1622776601683795,albumin_percent,123.64246185564191,False,generated,influential_reading,3,development_013_1_0,,x_unbound_cmax,percent_source_normalised,sim_chip_development_013_1_0,sim_sample_development_013_1_0,sim_run_development_013,,not_applicable,,original
synthetic,development_013_1_1,sim_013,3,3.1622776601683795,albumin_percent,134.38550731587625,False,generated,influential_reading,4,development_013_1_1,,x_unbound_cmax,percent_source_normalised,sim_chip_development_013_1_1,sim_sample_development_013_1_1,sim_run_development_013,,not_applicable,,original
synthetic,development_013_2_0,sim_013,3,10.0,albumin_percent,115.91750762932487,False,generated,influential_reading,5,development_013_2_0,,x_unbound_cmax,percent_source_normalised,sim_chip_development_013_2_0,sim_sample_development_013_2_0,sim_run_development_013,,not_applicable,,original
synthetic,development_013_2_1,sim_013,3,10.0,albumin_percent,118.41802550867216,False,generated,influential_reading,6,development_013_2_1,,x_unbound_cmax,percent_source_normalised,sim_chip_development_013_2_1,sim_sample_development_013_2_1,sim_run_development_013,,not_applicable,,original
synthetic,development_013_3_0,sim_013,3,31.622776601683793,albumin_percent,174.2656851202242,False,generated,influential_reading,7,development_013_3_0,,x_unbound_cmax,percent_source_normalised,sim_chip_development_013_3_0,sim_sample_development_013_3_0,sim_run_development_013,,not_applicable,,original
synthetic,development_013_3_1,sim_013,3,31.622776601683793,albumin_percent,83.20120923174647,False,generated,influential_reading,8,development_013_3_1,,x_unbound_cmax,percent_source_normalised,sim_chip_development_013_3_1,sim_sample_development_013_3_1,sim_run_development_013,,not_applicable,,original
synthetic,development_013_4_0,sim_013,3,100.0,albumin_percent,17.85970513836879,False,generated,influential_reading,9,development_013_4_0,,x_unbound_cmax,percent_source_normalised,sim_chip_development_013_4_0,sim_sample_development_013_4_0,sim_run_development_013,,not_applicable,,original
synthetic,development_013_4_1,sim_013,3,100.0,albumin_percent,16.8086093244563,False,generated,influential_reading,10,development_013_4_1,,x_unbound_cmax,percent_source_normalised,sim_chip_development_013_4_1,sim_sample_development_013_4_1,sim_run_development_013,,not_applicable,,original
synthetic,development_013_5_0,sim_013,3,316.22776601683796,albumin_percent,8.99933929180876,False,generated,influential_reading,11,development_013_5_0,,x_unbound_cmax,percent_source_normalised,sim_chip_development_013_5_0,sim_sample_development_013_5_0,sim_run_development_013,,not_applicable,,original
synthetic,development_013_5_1,sim_013,3,316.22776601683796,albumin_percent,-7.208821642281759,False,generated,influential_reading,12,development_013_5_1,,x_unbound_cmax,percent_source_normalised,sim_chip_development_013_5_1,sim_sample_development_013_5_1,sim_run_development_013,,not_applicable,,original
synthetic,development_014_0_0,sim_014,3,1.0,albumin_percent,96.93711096585388,False,generated,non_monotonic,1,development_014_0_0,,x_unbound_cmax,percent_source_normalised,sim_chip_development_014_0_0,sim_sample_development_014_0_0,sim_run_development_014,,not_applicable,,original
synthetic,development_014_0_1,sim_014,3,1.0,albumin_percent,103.62210362500298,False,generated,non_monotonic,2,development_014_0_1,,x_unbound_cmax,percent_source_normalised,sim_chip_development_014_0_1,sim_sample_development_014_0_1,sim_run_development_014,,not_applicable,,original
synthetic,development_014_1_0,sim_014,3,3.1622776601683795,albumin_percent,101.44318893741915,False,generated,non_monotonic,3,development_014_1_0,,x_unbound_cmax,percent_source_normalised,sim_chip_development_014_1_0,sim_sample_development_014_1_0,sim_run_development_014,,not_applicable,,original
synthetic,development_014_1_1,sim_014,3,3.1622776601683795,albumin_percent,101.32582137049702,False,generated,non_monotonic,4,development_014_1_1,,x_unbound_cmax,percent_source_normalised,sim_chip_development_014_1_1,sim_sample_development_014_1_1,sim_run_development_014,,not_applicable,,original
synthetic,development_014_2_0,sim_014,3,10.0,albumin_percent,102.66880979233876,False,generated,non_monotonic,5,development_014_2_0,,x_unbound_cmax,percent_source_normalised,sim_chip_development_014_2_0,sim_sample_development_014_2_0,sim_run_development_014,,not_applicable,,original
synthetic,development_014_2_1,sim_014,3,10.0,albumin_percent,93.71247168448176,False,generated,non_monotonic,6,development_014_2_1,,x_unbound_cmax,percent_source_normalised,sim_chip_development_014_2_1,sim_sample_development_014_2_1,sim_run_development_014,,not_applicable,,original
synthetic,development_014_3_0,sim_014,3,31.622776601683793,albumin_percent,92.62932948758706,False,generated,non_monotonic,7,development_014_3_0,,x_unbound_cmax,percent_source_normalised,sim_chip_development_014_3_0,sim_sample_development_014_3_0,sim_run_development_014,,not_applicable,,original
synthetic,development_014_3_1,sim_014,3,31.622776601683793,albumin_percent,101.60993816201767,False,generated,non_monotonic,8,development_014_3_1,,x_unbound_cmax,percent_source_normalised,sim_chip_development_014_3_1,sim_sample_development_014_3_1,sim_run_development_014,,not_applicable,,original
synthetic,development_014_4_0,sim_014,3,100.0,albumin_percent,57.34215075513863,False,generated,non_monotonic,9,development_014_4_0,,x_unbound_cmax,percent_source_normalised,sim_chip_development_014_4_0,sim_sample_development_014_4_0,sim_run_development_014,,not_applicable,,original
synthetic,development_014_4_1,sim_014,3,100.0,albumin_percent,65.81301117871223,False,generated,non_monotonic,10,development_014_4_1,,x_unbound_cmax,percent_source_normalised,sim_chip_development_014_4_1,sim_sample_development_014_4_1,sim_run_development_014,,not_applicable,,original
synthetic,development_014_5_0,sim_014,3,316.22776601683796,albumin_percent,3.0880679751022466,False,generated,non_monotonic,11,development_014_5_0,,x_unbound_cmax,percent_source_normalised,sim_chip_development_014_5_0,sim_sample_development_014_5_0,sim_run_development_014,,not_applicable,,original
synthetic,development_014_5_1,sim_014,3,316.22776601683796,albumin_percent,8.965256091036144,False,generated,non_monotonic,12,development_014_5_1,,x_unbound_cmax,percent_source_normalised,sim_chip_development_014_5_1,sim_sample_development_014_5_1,sim_run_development_014,,not_applicable,,original
synthetic,development_015_0_0,sim_015,3,1.0,albumin_percent,138.04655736745883,False,generated,run_shift,1,development_015_0_0,,x_unbound_cmax,percent_source_normalised,sim_chip_development_015_0_0,sim_sample_development_015_0_0,sim_run_development_015,,not_applicable,,original
synthetic,development_015_0_1,sim_015,3,1.0,albumin_percent,132.3761141272699,False,generated,run_shift,2,development_015_0_1,,x_unbound_cmax,percent_source_normalised,sim_chip_development_015_0_1,sim_sample_development_015_0_1,sim_run_development_015,,not_applicable,,original
synthetic,development_015_1_0,sim_015,3,3.1622776601683795,albumin_percent,145.17120347169936,False,generated,run_shift,3,development_015_1_0,,x_unbound_cmax,percent_source_normalised,sim_chip_development_015_1_0,sim_sample_development_015_1_0,sim_run_development_015,,not_applicable,,original
synthetic,development_015_1_1,sim_015,3,3.1622776601683795,albumin_percent,133.71097400795193,False,generated,run_shift,4,development_015_1_1,,x_unbound_cmax,percent_source_normalised,sim_chip_development_015_1_1,sim_sample_development_015_1_1,sim_run_development_015,,not_applicable,,original
synthetic,development_015_2_0,sim_015,3,10.0,albumin_percent,112.95336355881973,False,generated,run_shift,5,development_015_2_0,,x_unbound_cmax,percent_source_normalised,sim_chip_development_015_2_0,sim_sample_development_015_2_0,sim_run_development_015,,not_applicable,,original
synthetic,development_015_2_1,sim_015,3,10.0,albumin_percent,129.7422014672313,False,generated,run_shift,6,development_015_2_1,,x_unbound_cmax,percent_source_normalised,sim_chip_development_015_2_1,sim_sample_development_015_2_1,sim_run_development_015,,not_applicable,,original
synthetic,development_015_3_0,sim_015,3,31.622776601683793,albumin_percent,133.00372130370897,False,generated,run_shift,7,development_015_3_0,,x_unbound_cmax,percent_source_normalised,sim_chip_development_015_3_0,sim_sample_development_015_3_0,sim_run_development_015,,not_applicable,,original
synthetic,development_015_3_1,sim_015,3,31.622776601683793,albumin_percent,129.4000553374333,False,generated,run_shift,8,development_015_3_1,,x_unbound_cmax,percent_source_normalised,sim_chip_development_015_3_1,sim_sample_development_015_3_1,sim_run_development_015,,not_applicable,,original
synthetic,development_015_4_0,sim_015,3,100.0,albumin_percent,87.45758543740041,False,generated,run_shift,9,development_015_4_0,,x_unbound_cmax,percent_source_normalised,sim_chip_development_015_4_0,sim_sample_development_015_4_0,sim_run_development_015,,not_applicable,,original
synthetic,development_015_4_1,sim_015,3,100.0,albumin_percent,86.35855480773277,False,generated,run_shift,10,development_015_4_1,,x_unbound_cmax,percent_source_normalised,sim_chip_development_015_4_1,sim_sample_development_015_4_1,sim_run_development_015,,not_applicable,,original
synthetic,development_015_5_0,sim_015,3,316.22776601683796,albumin_percent,26.502258007536494,False,generated,run_shift,11,development_015_5_0,,x_unbound_cmax,percent_source_normalised,sim_chip_development_015_5_0,sim_sample_development_015_5_0,sim_run_development_015,,not_applicable,,original
synthetic,development_015_5_1,sim_015,3,316.22776601683796,albumin_percent,35.308389046838734,False,generated,run_shift,12,development_015_5_1,,x_unbound_cmax,percent_source_normalised,sim_chip_development_015_5_1,sim_sample_development_015_5_1,sim_run_development_015,,not_applicable,,original
synthetic,development_016_0_0,sim_016,3,1.0,albumin_percent,124.08414309943132,False,generated,clean,1,development_016_0_0,,x_unbound_cmax,percent_source_normalised,sim_chip_development_016_0_0,sim_sample_development_016_0_0,sim_run_development_016,,not_applicable,,original
synthetic,development_016_0_1,sim_016,3,1.0,albumin_percent,130.61408962014812,False,generated,clean,2,development_016_0_1,,x_unbound_cmax,percent_source_normalised,sim_chip_development_016_0_1,sim_sample_development_016_0_1,sim_run_development_016,,not_applicable,,original
synthetic,development_016_1_0,sim_016,3,3.1622776601683795,albumin_percent,135.80245420620346,False,generated,clean,3,development_016_1_0,,x_unbound_cmax,percent_source_normalised,sim_chip_development_016_1_0,sim_sample_development_016_1_0,sim_run_development_016,,not_applicable,,original
synthetic,development_016_1_1,sim_016,3,3.1622776601683795,albumin_percent,126.46655557109959,False,generated,clean,4,development_016_1_1,,x_unbound_cmax,percent_source_normalised,sim_chip_development_016_1_1,sim_sample_development_016_1_1,sim_run_development_016,,not_applicable,,original
synthetic,development_016_2_0,sim_016,3,10.0,albumin_percent,119.7007112579131,False,generated,clean,5,development_016_2_0,,x_unbound_cmax,percent_source_normalised,sim_chip_development_016_2_0,sim_sample_development_016_2_0,sim_run_development_016,,not_applicable,,original
synthetic,development_016_2_1,sim_016,3,10.0,albumin_percent,111.14308870521981,False,generated,clean,6,development_016_2_1,,x_unbound_cmax,percent_source_normalised,sim_chip_development_016_2_1,sim_sample_development_016_2_1,sim_run_development_016,,not_applicable,,original
synthetic,development_016_3_0,sim_016,3,31.622776601683793,albumin_percent,94.82366549428136,False,generated,clean,7,development_016_3_0,,x_unbound_cmax,percent_source_normalised,sim_chip_development_016_3_0,sim_sample_development_016_3_0,sim_run_development_016,,not_applicable,,original
synthetic,development_016_3_1,sim_016,3,31.622776601683793,albumin_percent,88.53207167028759,False,generated,clean,8,development_016_3_1,,x_unbound_cmax,percent_source_normalised,sim_chip_development_016_3_1,sim_sample_development_016_3_1,sim_run_development_016,,not_applicable,,original
synthetic,development_016_4_0,sim_016,3,100.0,albumin_percent,47.23899948402198,False,generated,clean,9,development_016_4_0,,x_unbound_cmax,percent_source_normalised,sim_chip_development_016_4_0,sim_sample_development_016_4_0,sim_run_development_016,,not_applicable,,original
synthetic,development_016_4_1,sim_016,3,100.0,albumin_percent,49.49231562412368,False,generated,clean,10,development_016_4_1,,x_unbound_cmax,percent_source_normalised,sim_chip_development_016_4_1,sim_sample_development_016_4_1,sim_run_development_016,,not_applicable,,original
synthetic,development_016_5_0,sim_016,3,316.22776601683796,albumin_percent,24.49648902095478,False,generated,clean,11,development_016_5_0,,x_unbound_cmax,percent_source_normalised,sim_chip_development_016_5_0,sim_sample_development_016_5_0,sim_run_development_016,,not_applicable,,original
synthetic,development_016_5_1,sim_016,3,316.22776601683796,albumin_percent,41.9814881378176,False,generated,clean,12,development_016_5_1,,x_unbound_cmax,percent_source_normalised,sim_chip_development_016_5_1,sim_sample_development_016_5_1,sim_run_development_016,,not_applicable,,original
synthetic,development_017_0_0,sim_017,3,1.0,albumin_percent,129.5759255963709,False,generated,random_missing,1,development_017_0_0,,x_unbound_cmax,percent_source_normalised,sim_chip_development_017_0_0,sim_sample_development_017_0_0,sim_run_development_017,,not_applicable,,original
synthetic,development_017_0_1,sim_017,3,1.0,albumin_percent,142.0974864513057,False,generated,random_missing,2,development_017_0_1,,x_unbound_cmax,percent_source_normalised,sim_chip_development_017_0_1,sim_sample_development_017_0_1,sim_run_development_017,,not_applicable,,original
synthetic,development_017_1_0,sim_017,3,3.1622776601683795,albumin_percent,115.35255553526576,False,generated,random_missing,3,development_017_1_0,,x_unbound_cmax,percent_source_normalised,sim_chip_development_017_1_0,sim_sample_development_017_1_0,sim_run_development_017,,not_applicable,,original
synthetic,development_017_1_1,sim_017,3,3.1622776601683795,albumin_percent,124.37421356534024,False,generated,random_missing,4,development_017_1_1,,x_unbound_cmax,percent_source_normalised,sim_chip_development_017_1_1,sim_sample_development_017_1_1,sim_run_development_017,,not_applicable,,original
synthetic,development_017_2_0,sim_017,3,10.0,albumin_percent,,True,generated,random_missing,5,development_017_2_0,,x_unbound_cmax,percent_source_normalised,sim_chip_development_017_2_0,sim_sample_development_017_2_0,sim_run_development_017,,not_applicable,random_missing,original
synthetic,development_017_2_1,sim_017,3,10.0,albumin_percent,99.47605890238826,False,generated,random_missing,6,development_017_2_1,,x_unbound_cmax,percent_source_normalised,sim_chip_development_017_2_1,sim_sample_development_017_2_1,sim_run_development_017,,not_applicable,,original
synthetic,development_017_3_0,sim_017,3,31.622776601683793,albumin_percent,57.96928380563042,False,generated,random_missing,7,development_017_3_0,,x_unbound_cmax,percent_source_normalised,sim_chip_development_017_3_0,sim_sample_development_017_3_0,sim_run_development_017,,not_applicable,,original
synthetic,development_017_3_1,sim_017,3,31.622776601683793,albumin_percent,61.01738813343624,False,generated,random_missing,8,development_017_3_1,,x_unbound_cmax,percent_source_normalised,sim_chip_development_017_3_1,sim_sample_development_017_3_1,sim_run_development_017,,not_applicable,,original
synthetic,development_017_4_0,sim_017,3,100.0,albumin_percent,31.796336605520217,False,generated,random_missing,9,development_017_4_0,,x_unbound_cmax,percent_source_normalised,sim_chip_development_017_4_0,sim_sample_development_017_4_0,sim_run_development_017,,not_applicable,,original
synthetic,development_017_4_1,sim_017,3,100.0,albumin_percent,43.709994955254956,False,generated,random_missing,10,development_017_4_1,,x_unbound_cmax,percent_source_normalised,sim_chip_development_017_4_1,sim_sample_development_017_4_1,sim_run_development_017,,not_applicable,,original
synthetic,development_017_5_0,sim_017,3,316.22776601683796,albumin_percent,31.38538594237398,False,generated,random_missing,11,development_017_5_0,,x_unbound_cmax,percent_source_normalised,sim_chip_development_017_5_0,sim_sample_development_017_5_0,sim_run_development_017,,not_applicable,,original
synthetic,development_017_5_1,sim_017,3,316.22776601683796,albumin_percent,20.219757130571583,False,generated,random_missing,12,development_017_5_1,,x_unbound_cmax,percent_source_normalised,sim_chip_development_017_5_1,sim_sample_development_017_5_1,sim_run_development_017,,not_applicable,,original
synthetic,development_018_0_0,sim_018,3,1.0,albumin_percent,96.69425769038938,False,generated,response_dependent_missing,1,development_018_0_0,,x_unbound_cmax,percent_source_normalised,sim_chip_development_018_0_0,sim_sample_development_018_0_0,sim_run_development_018,,not_applicable,,original
synthetic,development_018_0_1,sim_018,3,1.0,albumin_percent,114.57184107751733,False,generated,response_dependent_missing,2,development_018_0_1,,x_unbound_cmax,percent_source_normalised,sim_chip_development_018_0_1,sim_sample_development_018_0_1,sim_run_development_018,,not_applicable,,original
synthetic,development_018_1_0,sim_018,3,3.1622776601683795,albumin_percent,95.87611694439028,False,generated,response_dependent_missing,3,development_018_1_0,,x_unbound_cmax,percent_source_normalised,sim_chip_development_018_1_0,sim_sample_development_018_1_0,sim_run_development_018,,not_applicable,,original
synthetic,development_018_1_1,sim_018,3,3.1622776601683795,albumin_percent,103.24656887944187,False,generated,response_dependent_missing,4,development_018_1_1,,x_unbound_cmax,percent_source_normalised,sim_chip_development_018_1_1,sim_sample_development_018_1_1,sim_run_development_018,,not_applicable,,original
synthetic,development_018_2_0,sim_018,3,10.0,albumin_percent,80.68696886395283,False,generated,response_dependent_missing,5,development_018_2_0,,x_unbound_cmax,percent_source_normalised,sim_chip_development_018_2_0,sim_sample_development_018_2_0,sim_run_development_018,,not_applicable,,original
synthetic,development_018_2_1,sim_018,3,10.0,albumin_percent,93.95607299293539,False,generated,response_dependent_missing,6,development_018_2_1,,x_unbound_cmax,percent_source_normalised,sim_chip_development_018_2_1,sim_sample_development_018_2_1,sim_run_development_018,,not_applicable,,original
synthetic,development_018_3_0,sim_018,3,31.622776601683793,albumin_percent,46.683392478662,False,generated,response_dependent_missing,7,development_018_3_0,,x_unbound_cmax,percent_source_normalised,sim_chip_development_018_3_0,sim_sample_development_018_3_0,sim_run_development_018,,not_applicable,,original
synthetic,development_018_3_1,sim_018,3,31.622776601683793,albumin_percent,,True,generated,response_dependent_missing,8,development_018_3_1,,x_unbound_cmax,percent_source_normalised,sim_chip_development_018_3_1,sim_sample_development_018_3_1,sim_run_development_018,,not_applicable,response_dependent_missing,original
synthetic,development_018_4_0,sim_018,3,100.0,albumin_percent,,True,generated,response_dependent_missing,9,development_018_4_0,,x_unbound_cmax,percent_source_normalised,sim_chip_development_018_4_0,sim_sample_development_018_4_0,sim_run_development_018,,not_applicable,response_dependent_missing,original
synthetic,development_018_4_1,sim_018,3,100.0,albumin_percent,,True,generated,response_dependent_missing,10,development_018_4_1,,x_unbound_cmax,percent_source_normalised,sim_chip_development_018_4_1,sim_sample_development_018_4_1,sim_run_development_018,,not_applicable,response_dependent_missing,original
synthetic,development_018_5_0,sim_018,3,316.22776601683796,albumin_percent,33.66312617163638,False,generated,response_dependent_missing,11,development_018_5_0,,x_unbound_cmax,percent_source_normalised,sim_chip_development_018_5_0,sim_sample_development_018_5_0,sim_run_development_018,,not_applicable,,original
synthetic,development_018_5_1,sim_018,3,316.22776601683796,albumin_percent,,True,generated,response_dependent_missing,12,development_018_5_1,,x_unbound_cmax,percent_source_normalised,sim_chip_development_018_5_1,sim_sample_development_018_5_1,sim_run_development_018,,not_applicable,response_dependent_missing,original
synthetic,development_019_0_0,sim_019,3,1.0,albumin_percent,125.19384690694457,False,generated,truncated_range,1,development_019_0_0,,x_unbound_cmax,percent_source_normalised,sim_chip_development_019_0_0,sim_sample_development_019_0_0,sim_run_development_019,,not_applicable,,original
synthetic,development_019_0_1,sim_019,3,1.0,albumin_percent,117.06898977088032,False,generated,truncated_range,2,development_019_0_1,,x_unbound_cmax,percent_source_normalised,sim_chip_development_019_0_1,sim_sample_development_019_0_1,sim_run_development_019,,not_applicable,,original
synthetic,development_019_1_0,sim_019,3,3.1622776601683795,albumin_percent,120.05802667625444,False,generated,truncated_range,3,development_019_1_0,,x_unbound_cmax,percent_source_normalised,sim_chip_development_019_1_0,sim_sample_development_019_1_0,sim_run_development_019,,not_applicable,,original
synthetic,development_019_1_1,sim_019,3,3.1622776601683795,albumin_percent,116.95642499607233,False,generated,truncated_range,4,development_019_1_1,,x_unbound_cmax,percent_source_normalised,sim_chip_development_019_1_1,sim_sample_development_019_1_1,sim_run_development_019,,not_applicable,,original
synthetic,development_019_2_0,sim_019,3,10.0,albumin_percent,112.37374232097095,False,generated,truncated_range,5,development_019_2_0,,x_unbound_cmax,percent_source_normalised,sim_chip_development_019_2_0,sim_sample_development_019_2_0,sim_run_development_019,,not_applicable,,original
synthetic,development_019_2_1,sim_019,3,10.0,albumin_percent,124.25487940227175,False,generated,truncated_range,6,development_019_2_1,,x_unbound_cmax,percent_source_normalised,sim_chip_development_019_2_1,sim_sample_development_019_2_1,sim_run_development_019,,not_applicable,,original
synthetic,development_019_3_0,sim_019,3,31.622776601683793,albumin_percent,86.51405408396451,False,generated,truncated_range,7,development_019_3_0,,x_unbound_cmax,percent_source_normalised,sim_chip_development_019_3_0,sim_sample_development_019_3_0,sim_run_development_019,,not_applicable,,original
synthetic,development_019_3_1,sim_019,3,31.622776601683793,albumin_percent,109.82934847884323,False,generated,truncated_range,8,development_019_3_1,,x_unbound_cmax,percent_source_normalised,sim_chip_development_019_3_1,sim_sample_development_019_3_1,sim_run_development_019,,not_applicable,,original
synthetic,development_020_0_0,sim_020,3,1.0,albumin_percent,91.14525691585432,False,generated,singletons,1,development_020_0_0,,x_unbound_cmax,percent_source_normalised,sim_chip_development_020_0_0,sim_sample_development_020_0_0,sim_run_development_020,,not_applicable,,original
synthetic,development_020_1_0,sim_020,3,3.1622776601683795,albumin_percent,97.5873990331134,False,generated,singletons,2,development_020_1_0,,x_unbound_cmax,percent_source_normalised,sim_chip_development_020_1_0,sim_sample_development_020_1_0,sim_run_development_020,,not_applicable,,original
synthetic,development_020_2_0,sim_020,3,10.0,albumin_percent,82.01758302522984,False,generated,singletons,3,development_020_2_0,,x_unbound_cmax,percent_source_normalised,sim_chip_development_020_2_0,sim_sample_development_020_2_0,sim_run_development_020,,not_applicable,,original
synthetic,development_020_3_0,sim_020,3,31.622776601683793,albumin_percent,49.56165725098049,False,generated,singletons,4,development_020_3_0,,x_unbound_cmax,percent_source_normalised,sim_chip_development_020_3_0,sim_sample_development_020_3_0,sim_run_development_020,,not_applicable,,original
synthetic,development_020_4_0,sim_020,3,100.0,albumin_percent,27.98745955647665,False,generated,singletons,5,development_020_4_0,,x_unbound_cmax,percent_source_normalised,sim_chip_development_020_4_0,sim_sample_development_020_4_0,sim_run_development_020,,not_applicable,,original
synthetic,development_020_5_0,sim_020,3,316.22776601683796,albumin_percent,1.7859514071897387,False,generated,singletons,6,development_020_5_0,,x_unbound_cmax,percent_source_normalised,sim_chip_development_020_5_0,sim_sample_development_020_5_0,sim_run_development_020,,not_applicable,,original
synthetic,development_021_0_0,sim_021,3,1.0,albumin_percent,96.01088620464351,False,generated,influential_reading,1,development_021_0_0,,x_unbound_cmax,percent_source_normalised,sim_chip_development_021_0_0,sim_sample_development_021_0_0,sim_run_development_021,,not_applicable,,original
synthetic,development_021_0_1,sim_021,3,1.0,albumin_percent,80.55881825387817,False,generated,influential_reading,2,development_021_0_1,,x_unbound_cmax,percent_source_normalised,sim_chip_development_021_0_1,sim_sample_development_021_0_1,sim_run_development_021,,not_applicable,,original
synthetic,development_021_1_0,sim_021,3,3.1622776601683795,albumin_percent,71.28365432842354,False,generated,influential_reading,3,development_021_1_0,,x_unbound_cmax,percent_source_normalised,sim_chip_development_021_1_0,sim_sample_development_021_1_0,sim_run_development_021,,not_applicable,,original
synthetic,development_021_1_1,sim_021,3,3.1622776601683795,albumin_percent,90.19137798616089,False,generated,influential_reading,4,development_021_1_1,,x_unbound_cmax,percent_source_normalised,sim_chip_development_021_1_1,sim_sample_development_021_1_1,sim_run_development_021,,not_applicable,,original
synthetic,development_021_2_0,sim_021,3,10.0,albumin_percent,62.309994925644304,False,generated,influential_reading,5,development_021_2_0,,x_unbound_cmax,percent_source_normalised,sim_chip_development_021_2_0,sim_sample_development_021_2_0,sim_run_development_021,,not_applicable,,original
synthetic,development_021_2_1,sim_021,3,10.0,albumin_percent,67.20508423217736,False,generated,influential_reading,6,development_021_2_1,,x_unbound_cmax,percent_source_normalised,sim_chip_development_021_2_1,sim_sample_development_021_2_1,sim_run_development_021,,not_applicable,,original
synthetic,development_021_3_0,sim_021,3,31.622776601683793,albumin_percent,106.19305053833638,False,generated,influential_reading,7,development_021_3_0,,x_unbound_cmax,percent_source_normalised,sim_chip_development_021_3_0,sim_sample_development_021_3_0,sim_run_development_021,,not_applicable,,original
synthetic,development_021_3_1,sim_021,3,31.622776601683793,albumin_percent,30.232213597610688,False,generated,influential_reading,8,development_021_3_1,,x_unbound_cmax,percent_source_normalised,sim_chip_development_021_3_1,sim_sample_development_021_3_1,sim_run_development_021,,not_applicable,,original
synthetic,development_021_4_0,sim_021,3,100.0,albumin_percent,5.212445981116467,False,generated,influential_reading,9,development_021_4_0,,x_unbound_cmax,percent_source_normalised,sim_chip_development_021_4_0,sim_sample_development_021_4_0,sim_run_development_021,,not_applicable,,original
synthetic,development_021_4_1,sim_021,3,100.0,albumin_percent,28.87258161319288,False,generated,influential_reading,10,development_021_4_1,,x_unbound_cmax,percent_source_normalised,sim_chip_development_021_4_1,sim_sample_development_021_4_1,sim_run_development_021,,not_applicable,,original
synthetic,development_021_5_0,sim_021,3,316.22776601683796,albumin_percent,24.91266573332258,False,generated,influential_reading,11,development_021_5_0,,x_unbound_cmax,percent_source_normalised,sim_chip_development_021_5_0,sim_sample_development_021_5_0,sim_run_development_021,,not_applicable,,original
synthetic,development_021_5_1,sim_021,3,316.22776601683796,albumin_percent,11.90633911286359,False,generated,influential_reading,12,development_021_5_1,,x_unbound_cmax,percent_source_normalised,sim_chip_development_021_5_1,sim_sample_development_021_5_1,sim_run_development_021,,not_applicable,,original
synthetic,development_022_0_0,sim_022,3,1.0,albumin_percent,116.37918849430343,False,generated,non_monotonic,1,development_022_0_0,,x_unbound_cmax,percent_source_normalised,sim_chip_development_022_0_0,sim_sample_development_022_0_0,sim_run_development_022,,not_applicable,,original
synthetic,development_022_0_1,sim_022,3,1.0,albumin_percent,100.07698551368304,False,generated,non_monotonic,2,development_022_0_1,,x_unbound_cmax,percent_source_normalised,sim_chip_development_022_0_1,sim_sample_development_022_0_1,sim_run_development_022,,not_applicable,,original
synthetic,development_022_1_0,sim_022,3,3.1622776601683795,albumin_percent,78.40855945737543,False,generated,non_monotonic,3,development_022_1_0,,x_unbound_cmax,percent_source_normalised,sim_chip_development_022_1_0,sim_sample_development_022_1_0,sim_run_development_022,,not_applicable,,original
synthetic,development_022_1_1,sim_022,3,3.1622776601683795,albumin_percent,102.05585732122267,False,generated,non_monotonic,4,development_022_1_1,,x_unbound_cmax,percent_source_normalised,sim_chip_development_022_1_1,sim_sample_development_022_1_1,sim_run_development_022,,not_applicable,,original
synthetic,development_022_2_0,sim_022,3,10.0,albumin_percent,58.35054503539063,False,generated,non_monotonic,5,development_022_2_0,,x_unbound_cmax,percent_source_normalised,sim_chip_development_022_2_0,sim_sample_development_022_2_0,sim_run_development_022,,not_applicable,,original
synthetic,development_022_2_1,sim_022,3,10.0,albumin_percent,68.09562852208997,False,generated,non_monotonic,6,development_022_2_1,,x_unbound_cmax,percent_source_normalised,sim_chip_development_022_2_1,sim_sample_development_022_2_1,sim_run_development_022,,not_applicable,,original
synthetic,development_022_3_0,sim_022,3,31.622776601683793,albumin_percent,59.343431294762816,False,generated,non_monotonic,7,development_022_3_0,,x_unbound_cmax,percent_source_normalised,sim_chip_development_022_3_0,sim_sample_development_022_3_0,sim_run_development_022,,not_applicable,,original
synthetic,development_022_3_1,sim_022,3,31.622776601683793,albumin_percent,61.334086111359355,False,generated,non_monotonic,8,development_022_3_1,,x_unbound_cmax,percent_source_normalised,sim_chip_development_022_3_1,sim_sample_development_022_3_1,sim_run_development_022,,not_applicable,,original
synthetic,development_022_4_0,sim_022,3,100.0,albumin_percent,93.24399524654224,False,generated,non_monotonic,9,development_022_4_0,,x_unbound_cmax,percent_source_normalised,sim_chip_development_022_4_0,sim_sample_development_022_4_0,sim_run_development_022,,not_applicable,,original
synthetic,development_022_4_1,sim_022,3,100.0,albumin_percent,75.7352560782212,False,generated,non_monotonic,10,development_022_4_1,,x_unbound_cmax,percent_source_normalised,sim_chip_development_022_4_1,sim_sample_development_022_4_1,sim_run_development_022,,not_applicable,,original
synthetic,development_022_5_0,sim_022,3,316.22776601683796,albumin_percent,43.101966538497024,False,generated,non_monotonic,11,development_022_5_0,,x_unbound_cmax,percent_source_normalised,sim_chip_development_022_5_0,sim_sample_development_022_5_0,sim_run_development_022,,not_applicable,,original
synthetic,development_022_5_1,sim_022,3,316.22776601683796,albumin_percent,40.09551290276095,False,generated,non_monotonic,12,development_022_5_1,,x_unbound_cmax,percent_source_normalised,sim_chip_development_022_5_1,sim_sample_development_022_5_1,sim_run_development_022,,not_applicable,,original
synthetic,development_023_0_0,sim_023,3,1.0,albumin_percent,91.33192721883422,False,generated,run_shift,1,development_023_0_0,,x_unbound_cmax,percent_source_normalised,sim_chip_development_023_0_0,sim_sample_development_023_0_0,sim_run_development_023,,not_applicable,,original
synthetic,development_023_0_1,sim_023,3,1.0,albumin_percent,92.3360198562177,False,generated,run_shift,2,development_023_0_1,,x_unbound_cmax,percent_source_normalised,sim_chip_development_023_0_1,sim_sample_development_023_0_1,sim_run_development_023,,not_applicable,,original
synthetic,development_023_1_0,sim_023,3,3.1622776601683795,albumin_percent,90.15383906930698,False,generated,run_shift,3,development_023_1_0,,x_unbound_cmax,percent_source_normalised,sim_chip_development_023_1_0,sim_sample_development_023_1_0,sim_run_development_023,,not_applicable,,original
synthetic,development_023_1_1,sim_023,3,3.1622776601683795,albumin_percent,104.90278750149537,False,generated,run_shift,4,development_023_1_1,,x_unbound_cmax,percent_source_normalised,sim_chip_development_023_1_1,sim_sample_development_023_1_1,sim_run_development_023,,not_applicable,,original
synthetic,development_023_2_0,sim_023,3,10.0,albumin_percent,92.05504910552719,False,generated,run_shift,5,development_023_2_0,,x_unbound_cmax,percent_source_normalised,sim_chip_development_023_2_0,sim_sample_development_023_2_0,sim_run_development_023,,not_applicable,,original
synthetic,development_023_2_1,sim_023,3,10.0,albumin_percent,89.24354960472405,False,generated,run_shift,6,development_023_2_1,,x_unbound_cmax,percent_source_normalised,sim_chip_development_023_2_1,sim_sample_development_023_2_1,sim_run_development_023,,not_applicable,,original
synthetic,development_023_3_0,sim_023,3,31.622776601683793,albumin_percent,74.81015770942109,False,generated,run_shift,7,development_023_3_0,,x_unbound_cmax,percent_source_normalised,sim_chip_development_023_3_0,sim_sample_development_023_3_0,sim_run_development_023,,not_applicable,,original
synthetic,development_023_3_1,sim_023,3,31.622776601683793,albumin_percent,88.30218417488834,False,generated,run_shift,8,development_023_3_1,,x_unbound_cmax,percent_source_normalised,sim_chip_development_023_3_1,sim_sample_development_023_3_1,sim_run_development_023,,not_applicable,,original
synthetic,development_023_4_0,sim_023,3,100.0,albumin_percent,43.089464011017085,False,generated,run_shift,9,development_023_4_0,,x_unbound_cmax,percent_source_normalised,sim_chip_development_023_4_0,sim_sample_development_023_4_0,sim_run_development_023,,not_applicable,,original
synthetic,development_023_4_1,sim_023,3,100.0,albumin_percent,47.89968526910964,False,generated,run_shift,10,development_023_4_1,,x_unbound_cmax,percent_source_normalised,sim_chip_development_023_4_1,sim_sample_development_023_4_1,sim_run_development_023,,not_applicable,,original
synthetic,development_023_5_0,sim_023,3,316.22776601683796,albumin_percent,0.8763080570845663,False,generated,run_shift,11,development_023_5_0,,x_unbound_cmax,percent_source_normalised,sim_chip_development_023_5_0,sim_sample_development_023_5_0,sim_run_development_023,,not_applicable,,original
synthetic,development_023_5_1,sim_023,3,316.22776601683796,albumin_percent,-4.4715721719327455,False,generated,run_shift,12,development_023_5_1,,x_unbound_cmax,percent_source_normalised,sim_chip_development_023_5_1,sim_sample_development_023_5_1,sim_run_development_023,,not_applicable,,original
synthetic,development_024_0_0,sim_024,3,1.0,albumin_percent,133.72482087843727,False,generated,clean,1,development_024_0_0,,x_unbound_cmax,percent_source_normalised,sim_chip_development_024_0_0,sim_sample_development_024_0_0,sim_run_development_024,,not_applicable,,original
synthetic,development_024_0_1,sim_024,3,1.0,albumin_percent,135.70132947441365,False,generated,clean,2,development_024_0_1,,x_unbound_cmax,percent_source_normalised,sim_chip_development_024_0_1,sim_sample_development_024_0_1,sim_run_development_024,,not_applicable,,original
synthetic,development_024_1_0,sim_024,3,3.1622776601683795,albumin_percent,108.99630793410783,False,generated,clean,3,development_024_1_0,,x_unbound_cmax,percent_source_normalised,sim_chip_development_024_1_0,sim_sample_development_024_1_0,sim_run_development_024,,not_applicable,,original
synthetic,development_024_1_1,sim_024,3,3.1622776601683795,albumin_percent,104.3498766193212,False,generated,clean,4,development_024_1_1,,x_unbound_cmax,percent_source_normalised,sim_chip_development_024_1_1,sim_sample_development_024_1_1,sim_run_development_024,,not_applicable,,original
synthetic,development_024_2_0,sim_024,3,10.0,albumin_percent,103.67035667273274,False,generated,clean,5,development_024_2_0,,x_unbound_cmax,percent_source_normalised,sim_chip_development_024_2_0,sim_sample_development_024_2_0,sim_run_development_024,,not_applicable,,original
synthetic,development_024_2_1,sim_024,3,10.0,albumin_percent,105.35928708997128,False,generated,clean,6,development_024_2_1,,x_unbound_cmax,percent_source_normalised,sim_chip_development_024_2_1,sim_sample_development_024_2_1,sim_run_development_024,,not_applicable,,original
synthetic,development_024_3_0,sim_024,3,31.622776601683793,albumin_percent,57.182750920748745,False,generated,clean,7,development_024_3_0,,x_unbound_cmax,percent_source_normalised,sim_chip_development_024_3_0,sim_sample_development_024_3_0,sim_run_development_024,,not_applicable,,original
synthetic,development_024_3_1,sim_024,3,31.622776601683793,albumin_percent,42.72454756263947,False,generated,clean,8,development_024_3_1,,x_unbound_cmax,percent_source_normalised,sim_chip_development_024_3_1,sim_sample_development_024_3_1,sim_run_development_024,,not_applicable,,original
synthetic,development_024_4_0,sim_024,3,100.0,albumin_percent,8.353561049183675,False,generated,clean,9,development_024_4_0,,x_unbound_cmax,percent_source_normalised,sim_chip_development_024_4_0,sim_sample_development_024_4_0,sim_run_development_024,,not_applicable,,original
synthetic,development_024_4_1,sim_024,3,100.0,albumin_percent,-1.5544190940580247,False,generated,clean,10,development_024_4_1,,x_unbound_cmax,percent_source_normalised,sim_chip_development_024_4_1,sim_sample_development_024_4_1,sim_run_development_024,,not_applicable,,original
synthetic,development_024_5_0,sim_024,3,316.22776601683796,albumin_percent,18.533224750861628,False,generated,clean,11,development_024_5_0,,x_unbound_cmax,percent_source_normalised,sim_chip_development_024_5_0,sim_sample_development_024_5_0,sim_run_development_024,,not_applicable,,original
synthetic,development_024_5_1,sim_024,3,316.22776601683796,albumin_percent,15.844264037418066,False,generated,clean,12,development_024_5_1,,x_unbound_cmax,percent_source_normalised,sim_chip_development_024_5_1,sim_sample_development_024_5_1,sim_run_development_024,,not_applicable,,original
synthetic,development_025_0_0,sim_025,3,1.0,albumin_percent,99.81472691853754,False,generated,random_missing,1,development_025_0_0,,x_unbound_cmax,percent_source_normalised,sim_chip_development_025_0_0,sim_sample_development_025_0_0,sim_run_development_025,,not_applicable,,original
synthetic,development_025_0_1,sim_025,3,1.0,albumin_percent,95.45434743319171,False,generated,random_missing,2,development_025_0_1,,x_unbound_cmax,percent_source_normalised,sim_chip_development_025_0_1,sim_sample_development_025_0_1,sim_run_development_025,,not_applicable,,original
synthetic,development_025_1_0,sim_025,3,3.1622776601683795,albumin_percent,100.76923866236531,False,generated,random_missing,3,development_025_1_0,,x_unbound_cmax,percent_source_normalised,sim_chip_development_025_1_0,sim_sample_development_025_1_0,sim_run_development_025,,not_applicable,,original
synthetic,development_025_1_1,sim_025,3,3.1622776601683795,albumin_percent,102.46149425951022,False,generated,random_missing,4,development_025_1_1,,x_unbound_cmax,percent_source_normalised,sim_chip_development_025_1_1,sim_sample_development_025_1_1,sim_run_development_025,,not_applicable,,original
synthetic,development_025_2_0,sim_025,3,10.0,albumin_percent,102.47691146442494,False,generated,random_missing,5,development_025_2_0,,x_unbound_cmax,percent_source_normalised,sim_chip_development_025_2_0,sim_sample_development_025_2_0,sim_run_development_025,,not_applicable,,original
synthetic,development_025_2_1,sim_025,3,10.0,albumin_percent,111.73919856692416,False,generated,random_missing,6,development_025_2_1,,x_unbound_cmax,percent_source_normalised,sim_chip_development_025_2_1,sim_sample_development_025_2_1,sim_run_development_025,,not_applicable,,original
synthetic,development_025_3_0,sim_025,3,31.622776601683793,albumin_percent,90.5606038185879,False,generated,random_missing,7,development_025_3_0,,x_unbound_cmax,percent_source_normalised,sim_chip_development_025_3_0,sim_sample_development_025_3_0,sim_run_development_025,,not_applicable,,original
synthetic,development_025_3_1,sim_025,3,31.622776601683793,albumin_percent,102.4698906492069,False,generated,random_missing,8,development_025_3_1,,x_unbound_cmax,percent_source_normalised,sim_chip_development_025_3_1,sim_sample_development_025_3_1,sim_run_development_025,,not_applicable,,original
synthetic,development_025_4_0,sim_025,3,100.0,albumin_percent,85.5764572557117,False,generated,random_missing,9,development_025_4_0,,x_unbound_cmax,percent_source_normalised,sim_chip_development_025_4_0,sim_sample_development_025_4_0,sim_run_development_025,,not_applicable,,original
synthetic,development_025_4_1,sim_025,3,100.0,albumin_percent,81.71758010117756,False,generated,random_missing,10,development_025_4_1,,x_unbound_cmax,percent_source_normalised,sim_chip_development_025_4_1,sim_sample_development_025_4_1,sim_run_development_025,,not_applicable,,original
synthetic,development_025_5_0,sim_025,3,316.22776601683796,albumin_percent,,True,generated,random_missing,11,development_025_5_0,,x_unbound_cmax,percent_source_normalised,sim_chip_development_025_5_0,sim_sample_development_025_5_0,sim_run_development_025,,not_applicable,random_missing,original
synthetic,development_025_5_1,sim_025,3,316.22776601683796,albumin_percent,,True,generated,random_missing,12,development_025_5_1,,x_unbound_cmax,percent_source_normalised,sim_chip_development_025_5_1,sim_sample_development_025_5_1,sim_run_development_025,,not_applicable,random_missing,original
synthetic,development_026_0_0,sim_026,3,1.0,albumin_percent,127.44451455687762,False,generated,response_dependent_missing,1,development_026_0_0,,x_unbound_cmax,percent_source_normalised,sim_chip_development_026_0_0,sim_sample_development_026_0_0,sim_run_development_026,,not_applicable,,original
synthetic,development_026_0_1,sim_026,3,1.0,albumin_percent,126.89937528336208,False,generated,response_dependent_missing,2,development_026_0_1,,x_unbound_cmax,percent_source_normalised,sim_chip_development_026_0_1,sim_sample_development_026_0_1,sim_run_development_026,,not_applicable,,original
synthetic,development_026_1_0,sim_026,3,3.1622776601683795,albumin_percent,151.76249995136604,False,generated,response_dependent_missing,3,development_026_1_0,,x_unbound_cmax,percent_source_normalised,sim_chip_development_026_1_0,sim_sample_development_026_1_0,sim_run_development_026,,not_applicable,,original
synthetic,development_026_1_1,sim_026,3,3.1622776601683795,albumin_percent,127.21678649013168,False,generated,response_dependent_missing,4,development_026_1_1,,x_unbound_cmax,percent_source_normalised,sim_chip_development_026_1_1,sim_sample_development_026_1_1,sim_run_development_026,,not_applicable,,original
synthetic,development_026_2_0,sim_026,3,10.0,albumin_percent,148.95303748448706,False,generated,response_dependent_missing,5,development_026_2_0,,x_unbound_cmax,percent_source_normalised,sim_chip_development_026_2_0,sim_sample_development_026_2_0,sim_run_development_026,,not_applicable,,original
synthetic,development_026_2_1,sim_026,3,10.0,albumin_percent,132.56039409632024,False,generated,response_dependent_missing,6,development_026_2_1,,x_unbound_cmax,percent_source_normalised,sim_chip_development_026_2_1,sim_sample_development_026_2_1,sim_run_development_026,,not_applicable,,original
synthetic,development_026_3_0,sim_026,3,31.622776601683793,albumin_percent,116.138800934747,False,generated,response_dependent_missing,7,development_026_3_0,,x_unbound_cmax,percent_source_normalised,sim_chip_development_026_3_0,sim_sample_development_026_3_0,sim_run_development_026,,not_applicable,,original
synthetic,development_026_3_1,sim_026,3,31.622776601683793,albumin_percent,109.824256884043,False,generated,response_dependent_missing,8,development_026_3_1,,x_unbound_cmax,percent_source_normalised,sim_chip_development_026_3_1,sim_sample_development_026_3_1,sim_run_development_026,,not_applicable,,original
synthetic,development_026_4_0,sim_026,3,100.0,albumin_percent,83.39759453013032,False,generated,response_dependent_missing,9,development_026_4_0,,x_unbound_cmax,percent_source_normalised,sim_chip_development_026_4_0,sim_sample_development_026_4_0,sim_run_development_026,,not_applicable,,original
synthetic,development_026_4_1,sim_026,3,100.0,albumin_percent,79.57396793829516,False,generated,response_dependent_missing,10,development_026_4_1,,x_unbound_cmax,percent_source_normalised,sim_chip_development_026_4_1,sim_sample_development_026_4_1,sim_run_development_026,,not_applicable,,original
synthetic,development_026_5_0,sim_026,3,316.22776601683796,albumin_percent,20.048533086550965,False,generated,response_dependent_missing,11,development_026_5_0,,x_unbound_cmax,percent_source_normalised,sim_chip_development_026_5_0,sim_sample_development_026_5_0,sim_run_development_026,,not_applicable,,original
synthetic,development_026_5_1,sim_026,3,316.22776601683796,albumin_percent,20.520268674712447,False,generated,response_dependent_missing,12,development_026_5_1,,x_unbound_cmax,percent_source_normalised,sim_chip_development_026_5_1,sim_sample_development_026_5_1,sim_run_development_026,,not_applicable,,original
synthetic,development_027_0_0,sim_027,3,1.0,albumin_percent,115.9650999319484,False,generated,truncated_range,1,development_027_0_0,,x_unbound_cmax,percent_source_normalised,sim_chip_development_027_0_0,sim_sample_development_027_0_0,sim_run_development_027,,not_applicable,,original
synthetic,development_027_0_1,sim_027,3,1.0,albumin_percent,118.87530271271503,False,generated,truncated_range,2,development_027_0_1,,x_unbound_cmax,percent_source_normalised,sim_chip_development_027_0_1,sim_sample_development_027_0_1,sim_run_development_027,,not_applicable,,original
synthetic,development_027_1_0,sim_027,3,3.1622776601683795,albumin_percent,119.54635111504831,False,generated,truncated_range,3,development_027_1_0,,x_unbound_cmax,percent_source_normalised,sim_chip_development_027_1_0,sim_sample_development_027_1_0,sim_run_development_027,,not_applicable,,original
synthetic,development_027_1_1,sim_027,3,3.1622776601683795,albumin_percent,133.03027247604155,False,generated,truncated_range,4,development_027_1_1,,x_unbound_cmax,percent_source_normalised,sim_chip_development_027_1_1,sim_sample_development_027_1_1,sim_run_development_027,,not_applicable,,original
synthetic,development_027_2_0,sim_027,3,10.0,albumin_percent,107.493601628965,False,generated,truncated_range,5,development_027_2_0,,x_unbound_cmax,percent_source_normalised,sim_chip_development_027_2_0,sim_sample_development_027_2_0,sim_run_development_027,,not_applicable,,original
synthetic,development_027_2_1,sim_027,3,10.0,albumin_percent,123.96639789693415,False,generated,truncated_range,6,development_027_2_1,,x_unbound_cmax,percent_source_normalised,sim_chip_development_027_2_1,sim_sample_development_027_2_1,sim_run_development_027,,not_applicable,,original
synthetic,development_027_3_0,sim_027,3,31.622776601683793,albumin_percent,100.78532440132727,False,generated,truncated_range,7,development_027_3_0,,x_unbound_cmax,percent_source_normalised,sim_chip_development_027_3_0,sim_sample_development_027_3_0,sim_run_development_027,,not_applicable,,original
synthetic,development_027_3_1,sim_027,3,31.622776601683793,albumin_percent,109.9834121289085,False,generated,truncated_range,8,development_027_3_1,,x_unbound_cmax,percent_source_normalised,sim_chip_development_027_3_1,sim_sample_development_027_3_1,sim_run_development_027,,not_applicable,,original
synthetic,development_028_0_0,sim_028,3,1.0,albumin_percent,87.49043559786904,False,generated,singletons,1,development_028_0_0,,x_unbound_cmax,percent_source_normalised,sim_chip_development_028_0_0,sim_sample_development_028_0_0,sim_run_development_028,,not_applicable,,original
synthetic,development_028_1_0,sim_028,3,3.1622776601683795,albumin_percent,85.34930397896298,False,generated,singletons,2,development_028_1_0,,x_unbound_cmax,percent_source_normalised,sim_chip_development_028_1_0,sim_sample_development_028_1_0,sim_run_development_028,,not_applicable,,original
synthetic,development_028_2_0,sim_028,3,10.0,albumin_percent,83.41894638112927,False,generated,singletons,3,development_028_2_0,,x_unbound_cmax,percent_source_normalised,sim_chip_development_028_2_0,sim_sample_development_028_2_0,sim_run_development_028,,not_applicable,,original
synthetic,development_028_3_0,sim_028,3,31.622776601683793,albumin_percent,94.31243034796819,False,generated,singletons,4,development_028_3_0,,x_unbound_cmax,percent_source_normalised,sim_chip_development_028_3_0,sim_sample_development_028_3_0,sim_run_development_028,,not_applicable,,original
synthetic,development_028_4_0,sim_028,3,100.0,albumin_percent,77.43828718769356,False,generated,singletons,5,development_028_4_0,,x_unbound_cmax,percent_source_normalised,sim_chip_development_028_4_0,sim_sample_development_028_4_0,sim_run_development_028,,not_applicable,,original
synthetic,development_028_5_0,sim_028,3,316.22776601683796,albumin_percent,20.676689159298657,False,generated,singletons,6,development_028_5_0,,x_unbound_cmax,percent_source_normalised,sim_chip_development_028_5_0,sim_sample_development_028_5_0,sim_run_development_028,,not_applicable,,original
synthetic,development_029_0_0,sim_029,3,1.0,albumin_percent,130.9915104296829,False,generated,influential_reading,1,development_029_0_0,,x_unbound_cmax,percent_source_normalised,sim_chip_development_029_0_0,sim_sample_development_029_0_0,sim_run_development_029,,not_applicable,,original
synthetic,development_029_0_1,sim_029,3,1.0,albumin_percent,113.27757240192115,False,generated,influential_reading,2,development_029_0_1,,x_unbound_cmax,percent_source_normalised,sim_chip_development_029_0_1,sim_sample_development_029_0_1,sim_run_development_029,,not_applicable,,original
synthetic,development_029_1_0,sim_029,3,3.1622776601683795,albumin_percent,107.77306558326178,False,generated,influential_reading,3,development_029_1_0,,x_unbound_cmax,percent_source_normalised,sim_chip_development_029_1_0,sim_sample_development_029_1_0,sim_run_development_029,,not_applicable,,original
synthetic,development_029_1_1,sim_029,3,3.1622776601683795,albumin_percent,103.16480884450228,False,generated,influential_reading,4,development_029_1_1,,x_unbound_cmax,percent_source_normalised,sim_chip_development_029_1_1,sim_sample_development_029_1_1,sim_run_development_029,,not_applicable,,original
synthetic,development_029_2_0,sim_029,3,10.0,albumin_percent,89.52325039694368,False,generated,influential_reading,5,development_029_2_0,,x_unbound_cmax,percent_source_normalised,sim_chip_development_029_2_0,sim_sample_development_029_2_0,sim_run_development_029,,not_applicable,,original
synthetic,development_029_2_1,sim_029,3,10.0,albumin_percent,103.89563266842407,False,generated,influential_reading,6,development_029_2_1,,x_unbound_cmax,percent_source_normalised,sim_chip_development_029_2_1,sim_sample_development_029_2_1,sim_run_development_029,,not_applicable,,original
synthetic,development_029_3_0,sim_029,3,31.622776601683793,albumin_percent,186.48071427146795,False,generated,influential_reading,7,development_029_3_0,,x_unbound_cmax,percent_source_normalised,sim_chip_development_029_3_0,sim_sample_development_029_3_0,sim_run_development_029,,not_applicable,,original
synthetic,development_029_3_1,sim_029,3,31.622776601683793,albumin_percent,86.89171182549664,False,generated,influential_reading,8,development_029_3_1,,x_unbound_cmax,percent_source_normalised,sim_chip_development_029_3_1,sim_sample_development_029_3_1,sim_run_development_029,,not_applicable,,original
synthetic,development_029_4_0,sim_029,3,100.0,albumin_percent,-4.55107068347203,False,generated,influential_reading,9,development_029_4_0,,x_unbound_cmax,percent_source_normalised,sim_chip_development_029_4_0,sim_sample_development_029_4_0,sim_run_development_029,,not_applicable,,original
synthetic,development_029_4_1,sim_029,3,100.0,albumin_percent,19.21193694151352,False,generated,influential_reading,10,development_029_4_1,,x_unbound_cmax,percent_source_normalised,sim_chip_development_029_4_1,sim_sample_development_029_4_1,sim_run_development_029,,not_applicable,,original
synthetic,development_029_5_0,sim_029,3,316.22776601683796,albumin_percent,23.032344038986547,False,generated,influential_reading,11,development_029_5_0,,x_unbound_cmax,percent_source_normalised,sim_chip_development_029_5_0,sim_sample_development_029_5_0,sim_run_development_029,,not_applicable,,original
synthetic,development_029_5_1,sim_029,3,316.22776601683796,albumin_percent,2.765438096209385,False,generated,influential_reading,12,development_029_5_1,,x_unbound_cmax,percent_source_normalised,sim_chip_development_029_5_1,sim_sample_development_029_5_1,sim_run_development_029,,not_applicable,,original
synthetic,development_030_0_0,sim_030,3,1.0,albumin_percent,119.72818195400133,False,generated,non_monotonic,1,development_030_0_0,,x_unbound_cmax,percent_source_normalised,sim_chip_development_030_0_0,sim_sample_development_030_0_0,sim_run_development_030,,not_applicable,,original
synthetic,development_030_0_1,sim_030,3,1.0,albumin_percent,127.64983064886802,False,generated,non_monotonic,2,development_030_0_1,,x_unbound_cmax,percent_source_normalised,sim_chip_development_030_0_1,sim_sample_development_030_0_1,sim_run_development_030,,not_applicable,,original
synthetic,development_030_1_0,sim_030,3,3.1622776601683795,albumin_percent,137.1945045799875,False,generated,non_monotonic,3,development_030_1_0,,x_unbound_cmax,percent_source_normalised,sim_chip_development_030_1_0,sim_sample_development_030_1_0,sim_run_development_030,,not_applicable,,original
synthetic,development_030_1_1,sim_030,3,3.1622776601683795,albumin_percent,111.33442407792882,False,generated,non_monotonic,4,development_030_1_1,,x_unbound_cmax,percent_source_normalised,sim_chip_development_030_1_1,sim_sample_development_030_1_1,sim_run_development_030,,not_applicable,,original
synthetic,development_030_2_0,sim_030,3,10.0,albumin_percent,119.86725769445815,False,generated,non_monotonic,5,development_030_2_0,,x_unbound_cmax,percent_source_normalised,sim_chip_development_030_2_0,sim_sample_development_030_2_0,sim_run_development_030,,not_applicable,,original
synthetic,development_030_2_1,sim_030,3,10.0,albumin_percent,117.35554631184063,False,generated,non_monotonic,6,development_030_2_1,,x_unbound_cmax,percent_source_normalised,sim_chip_development_030_2_1,sim_sample_development_030_2_1,sim_run_development_030,,not_applicable,,original
synthetic,development_030_3_0,sim_030,3,31.622776601683793,albumin_percent,83.48642696683926,False,generated,non_monotonic,7,development_030_3_0,,x_unbound_cmax,percent_source_normalised,sim_chip_development_030_3_0,sim_sample_development_030_3_0,sim_run_development_030,,not_applicable,,original
synthetic,development_030_3_1,sim_030,3,31.622776601683793,albumin_percent,103.70903900375728,False,generated,non_monotonic,8,development_030_3_1,,x_unbound_cmax,percent_source_normalised,sim_chip_development_030_3_1,sim_sample_development_030_3_1,sim_run_development_030,,not_applicable,,original
synthetic,development_030_4_0,sim_030,3,100.0,albumin_percent,76.01259680589503,False,generated,non_monotonic,9,development_030_4_0,,x_unbound_cmax,percent_source_normalised,sim_chip_development_030_4_0,sim_sample_development_030_4_0,sim_run_development_030,,not_applicable,,original
synthetic,development_030_4_1,sim_030,3,100.0,albumin_percent,62.66402192466258,False,generated,non_monotonic,10,development_030_4_1,,x_unbound_cmax,percent_source_normalised,sim_chip_development_030_4_1,sim_sample_development_030_4_1,sim_run_development_030,,not_applicable,,original
synthetic,development_030_5_0,sim_030,3,316.22776601683796,albumin_percent,26.587522266630128,False,generated,non_monotonic,11,development_030_5_0,,x_unbound_cmax,percent_source_normalised,sim_chip_development_030_5_0,sim_sample_development_030_5_0,sim_run_development_030,,not_applicable,,original
synthetic,development_030_5_1,sim_030,3,316.22776601683796,albumin_percent,18.892355870476244,False,generated,non_monotonic,12,development_030_5_1,,x_unbound_cmax,percent_source_normalised,sim_chip_development_030_5_1,sim_sample_development_030_5_1,sim_run_development_030,,not_applicable,,original
synthetic,development_031_0_0,sim_031,3,1.0,albumin_percent,125.84835098621622,False,generated,run_shift,1,development_031_0_0,,x_unbound_cmax,percent_source_normalised,sim_chip_development_031_0_0,sim_sample_development_031_0_0,sim_run_development_031,,not_applicable,,original
synthetic,development_031_0_1,sim_031,3,1.0,albumin_percent,133.46371459584915,False,generated,run_shift,2,development_031_0_1,,x_unbound_cmax,percent_source_normalised,sim_chip_development_031_0_1,sim_sample_development_031_0_1,sim_run_development_031,,not_applicable,,original
synthetic,development_031_1_0,sim_031,3,3.1622776601683795,albumin_percent,113.94205398323044,False,generated,run_shift,3,development_031_1_0,,x_unbound_cmax,percent_source_normalised,sim_chip_development_031_1_0,sim_sample_development_031_1_0,sim_run_development_031,,not_applicable,,original
synthetic,development_031_1_1,sim_031,3,3.1622776601683795,albumin_percent,131.22373101540487,False,generated,run_shift,4,development_031_1_1,,x_unbound_cmax,percent_source_normalised,sim_chip_development_031_1_1,sim_sample_development_031_1_1,sim_run_development_031,,not_applicable,,original
synthetic,development_031_2_0,sim_031,3,10.0,albumin_percent,82.19450852760082,False,generated,run_shift,5,development_031_2_0,,x_unbound_cmax,percent_source_normalised,sim_chip_development_031_2_0,sim_sample_development_031_2_0,sim_run_development_031,,not_applicable,,original
synthetic,development_031_2_1,sim_031,3,10.0,albumin_percent,77.17590357257679,False,generated,run_shift,6,development_031_2_1,,x_unbound_cmax,percent_source_normalised,sim_chip_development_031_2_1,sim_sample_development_031_2_1,sim_run_development_031,,not_applicable,,original
synthetic,development_031_3_0,sim_031,3,31.622776601683793,albumin_percent,22.725762127708798,False,generated,run_shift,7,development_031_3_0,,x_unbound_cmax,percent_source_normalised,sim_chip_development_031_3_0,sim_sample_development_031_3_0,sim_run_development_031,,not_applicable,,original
synthetic,development_031_3_1,sim_031,3,31.622776601683793,albumin_percent,12.540793663944303,False,generated,run_shift,8,development_031_3_1,,x_unbound_cmax,percent_source_normalised,sim_chip_development_031_3_1,sim_sample_development_031_3_1,sim_run_development_031,,not_applicable,,original
synthetic,development_031_4_0,sim_031,3,100.0,albumin_percent,21.799629942465323,False,generated,run_shift,9,development_031_4_0,,x_unbound_cmax,percent_source_normalised,sim_chip_development_031_4_0,sim_sample_development_031_4_0,sim_run_development_031,,not_applicable,,original
synthetic,development_031_4_1,sim_031,3,100.0,albumin_percent,20.304694213203007,False,generated,run_shift,10,development_031_4_1,,x_unbound_cmax,percent_source_normalised,sim_chip_development_031_4_1,sim_sample_development_031_4_1,sim_run_development_031,,not_applicable,,original
synthetic,development_031_5_0,sim_031,3,316.22776601683796,albumin_percent,17.033598409208793,False,generated,run_shift,11,development_031_5_0,,x_unbound_cmax,percent_source_normalised,sim_chip_development_031_5_0,sim_sample_development_031_5_0,sim_run_development_031,,not_applicable,,original
synthetic,development_031_5_1,sim_031,3,316.22776601683796,albumin_percent,12.794268699229887,False,generated,run_shift,12,development_031_5_1,,x_unbound_cmax,percent_source_normalised,sim_chip_development_031_5_1,sim_sample_development_031_5_1,sim_run_development_031,,not_applicable,,original
synthetic,development_032_0_0,sim_032,3,1.0,albumin_percent,123.06525348191656,False,generated,clean,1,development_032_0_0,,x_unbound_cmax,percent_source_normalised,sim_chip_development_032_0_0,sim_sample_development_032_0_0,sim_run_development_032,,not_applicable,,original
synthetic,development_032_0_1,sim_032,3,1.0,albumin_percent,125.21614281967217,False,generated,clean,2,development_032_0_1,,x_unbound_cmax,percent_source_normalised,sim_chip_development_032_0_1,sim_sample_development_032_0_1,sim_run_development_032,,not_applicable,,original
synthetic,development_032_1_0,sim_032,3,3.1622776601683795,albumin_percent,86.8536449299777,False,generated,clean,3,development_032_1_0,,x_unbound_cmax,percent_source_normalised,sim_chip_development_032_1_0,sim_sample_development_032_1_0,sim_run_development_032,,not_applicable,,original
synthetic,development_032_1_1,sim_032,3,3.1622776601683795,albumin_percent,92.52050806909887,False,generated,clean,4,development_032_1_1,,x_unbound_cmax,percent_source_normalised,sim_chip_development_032_1_1,sim_sample_development_032_1_1,sim_run_development_032,,not_applicable,,original
synthetic,development_032_2_0,sim_032,3,10.0,albumin_percent,56.741468650624576,False,generated,clean,5,development_032_2_0,,x_unbound_cmax,percent_source_normalised,sim_chip_development_032_2_0,sim_sample_development_032_2_0,sim_run_development_032,,not_applicable,,original
synthetic,development_032_2_1,sim_032,3,10.0,albumin_percent,61.90475458797232,False,generated,clean,6,development_032_2_1,,x_unbound_cmax,percent_source_normalised,sim_chip_development_032_2_1,sim_sample_development_032_2_1,sim_run_development_032,,not_applicable,,original
synthetic,development_032_3_0,sim_032,3,31.622776601683793,albumin_percent,35.86786130051036,False,generated,clean,7,development_032_3_0,,x_unbound_cmax,percent_source_normalised,sim_chip_development_032_3_0,sim_sample_development_032_3_0,sim_run_development_032,,not_applicable,,original
synthetic,development_032_3_1,sim_032,3,31.622776601683793,albumin_percent,41.77372071058795,False,generated,clean,8,development_032_3_1,,x_unbound_cmax,percent_source_normalised,sim_chip_development_032_3_1,sim_sample_development_032_3_1,sim_run_development_032,,not_applicable,,original
synthetic,development_032_4_0,sim_032,3,100.0,albumin_percent,19.52825006224407,False,generated,clean,9,development_032_4_0,,x_unbound_cmax,percent_source_normalised,sim_chip_development_032_4_0,sim_sample_development_032_4_0,sim_run_development_032,,not_applicable,,original
synthetic,development_032_4_1,sim_032,3,100.0,albumin_percent,20.39211570097629,False,generated,clean,10,development_032_4_1,,x_unbound_cmax,percent_source_normalised,sim_chip_development_032_4_1,sim_sample_development_032_4_1,sim_run_development_032,,not_applicable,,original
synthetic,development_032_5_0,sim_032,3,316.22776601683796,albumin_percent,23.748122603983347,False,generated,clean,11,development_032_5_0,,x_unbound_cmax,percent_source_normalised,sim_chip_development_032_5_0,sim_sample_development_032_5_0,sim_run_development_032,,not_applicable,,original
synthetic,development_032_5_1,sim_032,3,316.22776601683796,albumin_percent,4.000462281958145,False,generated,clean,12,development_032_5_1,,x_unbound_cmax,percent_source_normalised,sim_chip_development_032_5_1,sim_sample_development_032_5_1,sim_run_development_032,,not_applicable,,original
synthetic,development_033_0_0,sim_033,3,1.0,albumin_percent,111.23644600136343,False,generated,random_missing,1,development_033_0_0,,x_unbound_cmax,percent_source_normalised,sim_chip_development_033_0_0,sim_sample_development_033_0_0,sim_run_development_033,,not_applicable,,original
synthetic,development_033_0_1,sim_033,3,1.0,albumin_percent,126.933882856336,False,generated,random_missing,2,development_033_0_1,,x_unbound_cmax,percent_source_normalised,sim_chip_development_033_0_1,sim_sample_development_033_0_1,sim_run_development_033,,not_applicable,,original
synthetic,development_033_1_0,sim_033,3,3.1622776601683795,albumin_percent,,True,generated,random_missing,3,development_033_1_0,,x_unbound_cmax,percent_source_normalised,sim_chip_development_033_1_0,sim_sample_development_033_1_0,sim_run_development_033,,not_applicable,random_missing,original
synthetic,development_033_1_1,sim_033,3,3.1622776601683795,albumin_percent,111.44340651261841,False,generated,random_missing,4,development_033_1_1,,x_unbound_cmax,percent_source_normalised,sim_chip_development_033_1_1,sim_sample_development_033_1_1,sim_run_development_033,,not_applicable,,original
synthetic,development_033_2_0,sim_033,3,10.0,albumin_percent,104.45374322301849,False,generated,random_missing,5,development_033_2_0,,x_unbound_cmax,percent_source_normalised,sim_chip_development_033_2_0,sim_sample_development_033_2_0,sim_run_development_033,,not_applicable,,original
synthetic,development_033_2_1,sim_033,3,10.0,albumin_percent,98.56744695975571,False,generated,random_missing,6,development_033_2_1,,x_unbound_cmax,percent_source_normalised,sim_chip_development_033_2_1,sim_sample_development_033_2_1,sim_run_development_033,,not_applicable,,original
synthetic,development_033_3_0,sim_033,3,31.622776601683793,albumin_percent,94.30434919931014,False,generated,random_missing,7,development_033_3_0,,x_unbound_cmax,percent_source_normalised,sim_chip_development_033_3_0,sim_sample_development_033_3_0,sim_run_development_033,,not_applicable,,original
synthetic,development_033_3_1,sim_033,3,31.622776601683793,albumin_percent,87.43881677695265,False,generated,random_missing,8,development_033_3_1,,x_unbound_cmax,percent_source_normalised,sim_chip_development_033_3_1,sim_sample_development_033_3_1,sim_run_development_033,,not_applicable,,original
synthetic,development_033_4_0,sim_033,3,100.0,albumin_percent,,True,generated,random_missing,9,development_033_4_0,,x_unbound_cmax,percent_source_normalised,sim_chip_development_033_4_0,sim_sample_development_033_4_0,sim_run_development_033,,not_applicable,random_missing,original
synthetic,development_033_4_1,sim_033,3,100.0,albumin_percent,43.91211603040268,False,generated,random_missing,10,development_033_4_1,,x_unbound_cmax,percent_source_normalised,sim_chip_development_033_4_1,sim_sample_development_033_4_1,sim_run_development_033,,not_applicable,,original
synthetic,development_033_5_0,sim_033,3,316.22776601683796,albumin_percent,21.95442935287263,False,generated,random_missing,11,development_033_5_0,,x_unbound_cmax,percent_source_normalised,sim_chip_development_033_5_0,sim_sample_development_033_5_0,sim_run_development_033,,not_applicable,,original
synthetic,development_033_5_1,sim_033,3,316.22776601683796,albumin_percent,-1.923216948753085,False,generated,random_missing,12,development_033_5_1,,x_unbound_cmax,percent_source_normalised,sim_chip_development_033_5_1,sim_sample_development_033_5_1,sim_run_development_033,,not_applicable,,original
synthetic,development_034_0_0,sim_034,3,1.0,albumin_percent,87.19602018794461,False,generated,response_dependent_missing,1,development_034_0_0,,x_unbound_cmax,percent_source_normalised,sim_chip_development_034_0_0,sim_sample_development_034_0_0,sim_run_development_034,,not_applicable,,original
synthetic,development_034_0_1,sim_034,3,1.0,albumin_percent,103.67247973045369,False,generated,response_dependent_missing,2,development_034_0_1,,x_unbound_cmax,percent_source_normalised,sim_chip_development_034_0_1,sim_sample_development_034_0_1,sim_run_development_034,,not_applicable,,original
synthetic,development_034_1_0,sim_034,3,3.1622776601683795,albumin_percent,85.06725500132616,False,generated,response_dependent_missing,3,development_034_1_0,,x_unbound_cmax,percent_source_normalised,sim_chip_development_034_1_0,sim_sample_development_034_1_0,sim_run_development_034,,not_applicable,,original
synthetic,development_034_1_1,sim_034,3,3.1622776601683795,albumin_percent,66.14632939058163,False,generated,response_dependent_missing,4,development_034_1_1,,x_unbound_cmax,percent_source_normalised,sim_chip_development_034_1_1,sim_sample_development_034_1_1,sim_run_development_034,,not_applicable,,original
synthetic,development_034_2_0,sim_034,3,10.0,albumin_percent,43.821541835619534,False,generated,response_dependent_missing,5,development_034_2_0,,x_unbound_cmax,percent_source_normalised,sim_chip_development_034_2_0,sim_sample_development_034_2_0,sim_run_development_034,,not_applicable,,original
synthetic,development_034_2_1,sim_034,3,10.0,albumin_percent,,True,generated,response_dependent_missing,6,development_034_2_1,,x_unbound_cmax,percent_source_normalised,sim_chip_development_034_2_1,sim_sample_development_034_2_1,sim_run_development_034,,not_applicable,response_dependent_missing,original
synthetic,development_034_3_0,sim_034,3,31.622776601683793,albumin_percent,30.341482711114267,False,generated,response_dependent_missing,7,development_034_3_0,,x_unbound_cmax,percent_source_normalised,sim_chip_development_034_3_0,sim_sample_development_034_3_0,sim_run_development_034,,not_applicable,,original
synthetic,development_034_3_1,sim_034,3,31.622776601683793,albumin_percent,,True,generated,response_dependent_missing,8,development_034_3_1,,x_unbound_cmax,percent_source_normalised,sim_chip_development_034_3_1,sim_sample_development_034_3_1,sim_run_development_034,,not_applicable,response_dependent_missing,original
synthetic,development_034_4_0,sim_034,3,100.0,albumin_percent,,True,generated,response_dependent_missing,9,development_034_4_0,,x_unbound_cmax,percent_source_normalised,sim_chip_development_034_4_0,sim_sample_development_034_4_0,sim_run_development_034,,not_applicable,response_dependent_missing,original
synthetic,development_034_4_1,sim_034,3,100.0,albumin_percent,15.411037590121676,False,generated,response_dependent_missing,10,development_034_4_1,,x_unbound_cmax,percent_source_normalised,sim_chip_development_034_4_1,sim_sample_development_034_4_1,sim_run_development_034,,not_applicable,,original
synthetic,development_034_5_0,sim_034,3,316.22776601683796,albumin_percent,,True,generated,response_dependent_missing,11,development_034_5_0,,x_unbound_cmax,percent_source_normalised,sim_chip_development_034_5_0,sim_sample_development_034_5_0,sim_run_development_034,,not_applicable,response_dependent_missing,original
synthetic,development_034_5_1,sim_034,3,316.22776601683796,albumin_percent,16.13568366544625,False,generated,response_dependent_missing,12,development_034_5_1,,x_unbound_cmax,percent_source_normalised,sim_chip_development_034_5_1,sim_sample_development_034_5_1,sim_run_development_034,,not_applicable,,original
synthetic,development_035_0_0,sim_035,3,1.0,albumin_percent,99.14607905790777,False,generated,truncated_range,1,development_035_0_0,,x_unbound_cmax,percent_source_normalised,sim_chip_development_035_0_0,sim_sample_development_035_0_0,sim_run_development_035,,not_applicable,,original
synthetic,development_035_0_1,sim_035,3,1.0,albumin_percent,87.32808271188814,False,generated,truncated_range,2,development_035_0_1,,x_unbound_cmax,percent_source_normalised,sim_chip_development_035_0_1,sim_sample_development_035_0_1,sim_run_development_035,,not_applicable,,original
synthetic,development_035_1_0,sim_035,3,3.1622776601683795,albumin_percent,99.85355354475773,False,generated,truncated_range,3,development_035_1_0,,x_unbound_cmax,percent_source_normalised,sim_chip_development_035_1_0,sim_sample_development_035_1_0,sim_run_development_035,,not_applicable,,original
synthetic,development_035_1_1,sim_035,3,3.1622776601683795,albumin_percent,92.08326491392329,False,generated,truncated_range,4,development_035_1_1,,x_unbound_cmax,percent_source_normalised,sim_chip_development_035_1_1,sim_sample_development_035_1_1,sim_run_development_035,,not_applicable,,original
synthetic,development_035_2_0,sim_035,3,10.0,albumin_percent,95.16859299210809,False,generated,truncated_range,5,development_035_2_0,,x_unbound_cmax,percent_source_normalised,sim_chip_development_035_2_0,sim_sample_development_035_2_0,sim_run_development_035,,not_applicable,,original
synthetic,development_035_2_1,sim_035,3,10.0,albumin_percent,94.23573831298904,False,generated,truncated_range,6,development_035_2_1,,x_unbound_cmax,percent_source_normalised,sim_chip_development_035_2_1,sim_sample_development_035_2_1,sim_run_development_035,,not_applicable,,original
synthetic,development_035_3_0,sim_035,3,31.622776601683793,albumin_percent,83.32041758711132,False,generated,truncated_range,7,development_035_3_0,,x_unbound_cmax,percent_source_normalised,sim_chip_development_035_3_0,sim_sample_development_035_3_0,sim_run_development_035,,not_applicable,,original
synthetic,development_035_3_1,sim_035,3,31.622776601683793,albumin_percent,66.31744569400207,False,generated,truncated_range,8,development_035_3_1,,x_unbound_cmax,percent_source_normalised,sim_chip_development_035_3_1,sim_sample_development_035_3_1,sim_run_development_035,,not_applicable,,original
synthetic,development_036_0_0,sim_036,3,1.0,albumin_percent,92.39993670523272,False,generated,singletons,1,development_036_0_0,,x_unbound_cmax,percent_source_normalised,sim_chip_development_036_0_0,sim_sample_development_036_0_0,sim_run_development_036,,not_applicable,,original
synthetic,development_036_1_0,sim_036,3,3.1622776601683795,albumin_percent,109.19030449381701,False,generated,singletons,2,development_036_1_0,,x_unbound_cmax,percent_source_normalised,sim_chip_development_036_1_0,sim_sample_development_036_1_0,sim_run_development_036,,not_applicable,,original
synthetic,development_036_2_0,sim_036,3,10.0,albumin_percent,101.13731443208397,False,generated,singletons,3,development_036_2_0,,x_unbound_cmax,percent_source_normalised,sim_chip_development_036_2_0,sim_sample_development_036_2_0,sim_run_development_036,,not_applicable,,original
synthetic,development_036_3_0,sim_036,3,31.622776601683793,albumin_percent,72.6656415303475,False,generated,singletons,4,development_036_3_0,,x_unbound_cmax,percent_source_normalised,sim_chip_development_036_3_0,sim_sample_development_036_3_0,sim_run_development_036,,not_applicable,,original
synthetic,development_036_4_0,sim_036,3,100.0,albumin_percent,37.265818074988324,False,generated,singletons,5,development_036_4_0,,x_unbound_cmax,percent_source_normalised,sim_chip_development_036_4_0,sim_sample_development_036_4_0,sim_run_development_036,,not_applicable,,original
synthetic,development_036_5_0,sim_036,3,316.22776601683796,albumin_percent,15.261673016897332,False,generated,singletons,6,development_036_5_0,,x_unbound_cmax,percent_source_normalised,sim_chip_development_036_5_0,sim_sample_development_036_5_0,sim_run_development_036,,not_applicable,,original
synthetic,development_037_0_0,sim_037,3,1.0,albumin_percent,108.42359095032762,False,generated,influential_reading,1,development_037_0_0,,x_unbound_cmax,percent_source_normalised,sim_chip_development_037_0_0,sim_sample_development_037_0_0,sim_run_development_037,,not_applicable,,original
synthetic,development_037_0_1,sim_037,3,1.0,albumin_percent,128.03048943992863,False,generated,influential_reading,2,development_037_0_1,,x_unbound_cmax,percent_source_normalised,sim_chip_development_037_0_1,sim_sample_development_037_0_1,sim_run_development_037,,not_applicable,,original
synthetic,development_037_1_0,sim_037,3,3.1622776601683795,albumin_percent,113.93083432470337,False,generated,influential_reading,3,development_037_1_0,,x_unbound_cmax,percent_source_normalised,sim_chip_development_037_1_0,sim_sample_development_037_1_0,sim_run_development_037,,not_applicable,,original
synthetic,development_037_1_1,sim_037,3,3.1622776601683795,albumin_percent,109.5784051383287,False,generated,influential_reading,4,development_037_1_1,,x_unbound_cmax,percent_source_normalised,sim_chip_development_037_1_1,sim_sample_development_037_1_1,sim_run_development_037,,not_applicable,,original
synthetic,development_037_2_0,sim_037,3,10.0,albumin_percent,113.71000387209185,False,generated,influential_reading,5,development_037_2_0,,x_unbound_cmax,percent_source_normalised,sim_chip_development_037_2_0,sim_sample_development_037_2_0,sim_run_development_037,,not_applicable,,original
synthetic,development_037_2_1,sim_037,3,10.0,albumin_percent,110.24176622728177,False,generated,influential_reading,6,development_037_2_1,,x_unbound_cmax,percent_source_normalised,sim_chip_development_037_2_1,sim_sample_development_037_2_1,sim_run_development_037,,not_applicable,,original
synthetic,development_037_3_0,sim_037,3,31.622776601683793,albumin_percent,182.62740008546123,False,generated,influential_reading,7,development_037_3_0,,x_unbound_cmax,percent_source_normalised,sim_chip_development_037_3_0,sim_sample_development_037_3_0,sim_run_development_037,,not_applicable,,original
synthetic,development_037_3_1,sim_037,3,31.622776601683793,albumin_percent,106.0928346650141,False,generated,influential_reading,8,development_037_3_1,,x_unbound_cmax,percent_source_normalised,sim_chip_development_037_3_1,sim_sample_development_037_3_1,sim_run_development_037,,not_applicable,,original
synthetic,development_037_4_0,sim_037,3,100.0,albumin_percent,59.88441539389556,False,generated,influential_reading,9,development_037_4_0,,x_unbound_cmax,percent_source_normalised,sim_chip_development_037_4_0,sim_sample_development_037_4_0,sim_run_development_037,,not_applicable,,original
synthetic,development_037_4_1,sim_037,3,100.0,albumin_percent,68.1237233508844,False,generated,influential_reading,10,development_037_4_1,,x_unbound_cmax,percent_source_normalised,sim_chip_development_037_4_1,sim_sample_development_037_4_1,sim_run_development_037,,not_applicable,,original
synthetic,development_037_5_0,sim_037,3,316.22776601683796,albumin_percent,55.26555824309747,False,generated,influential_reading,11,development_037_5_0,,x_unbound_cmax,percent_source_normalised,sim_chip_development_037_5_0,sim_sample_development_037_5_0,sim_run_development_037,,not_applicable,,original
synthetic,development_037_5_1,sim_037,3,316.22776601683796,albumin_percent,40.45264570142156,False,generated,influential_reading,12,development_037_5_1,,x_unbound_cmax,percent_source_normalised,sim_chip_development_037_5_1,sim_sample_development_037_5_1,sim_run_development_037,,not_applicable,,original
synthetic,development_038_0_0,sim_038,3,1.0,albumin_percent,140.71992788979782,False,generated,non_monotonic,1,development_038_0_0,,x_unbound_cmax,percent_source_normalised,sim_chip_development_038_0_0,sim_sample_development_038_0_0,sim_run_development_038,,not_applicable,,original
synthetic,development_038_0_1,sim_038,3,1.0,albumin_percent,145.55625096210065,False,generated,non_monotonic,2,development_038_0_1,,x_unbound_cmax,percent_source_normalised,sim_chip_development_038_0_1,sim_sample_development_038_0_1,sim_run_development_038,,not_applicable,,original
synthetic,development_038_1_0,sim_038,3,3.1622776601683795,albumin_percent,133.99216084024522,False,generated,non_monotonic,3,development_038_1_0,,x_unbound_cmax,percent_source_normalised,sim_chip_development_038_1_0,sim_sample_development_038_1_0,sim_run_development_038,,not_applicable,,original
synthetic,development_038_1_1,sim_038,3,3.1622776601683795,albumin_percent,119.3663618037474,False,generated,non_monotonic,4,development_038_1_1,,x_unbound_cmax,percent_source_normalised,sim_chip_development_038_1_1,sim_sample_development_038_1_1,sim_run_development_038,,not_applicable,,original
synthetic,development_038_2_0,sim_038,3,10.0,albumin_percent,129.09201404417956,False,generated,non_monotonic,5,development_038_2_0,,x_unbound_cmax,percent_source_normalised,sim_chip_development_038_2_0,sim_sample_development_038_2_0,sim_run_development_038,,not_applicable,,original
synthetic,development_038_2_1,sim_038,3,10.0,albumin_percent,131.78415828400708,False,generated,non_monotonic,6,development_038_2_1,,x_unbound_cmax,percent_source_normalised,sim_chip_development_038_2_1,sim_sample_development_038_2_1,sim_run_development_038,,not_applicable,,original
synthetic,development_038_3_0,sim_038,3,31.622776601683793,albumin_percent,140.46657162152866,False,generated,non_monotonic,7,development_038_3_0,,x_unbound_cmax,percent_source_normalised,sim_chip_development_038_3_0,sim_sample_development_038_3_0,sim_run_development_038,,not_applicable,,original
synthetic,development_038_3_1,sim_038,3,31.622776601683793,albumin_percent,127.98981459992872,False,generated,non_monotonic,8,development_038_3_1,,x_unbound_cmax,percent_source_normalised,sim_chip_development_038_3_1,sim_sample_development_038_3_1,sim_run_development_038,,not_applicable,,original
synthetic,development_038_4_0,sim_038,3,100.0,albumin_percent,87.5809726872278,False,generated,non_monotonic,9,development_038_4_0,,x_unbound_cmax,percent_source_normalised,sim_chip_development_038_4_0,sim_sample_development_038_4_0,sim_run_development_038,,not_applicable,,original
synthetic,development_038_4_1,sim_038,3,100.0,albumin_percent,106.29674746273527,False,generated,non_monotonic,10,development_038_4_1,,x_unbound_cmax,percent_source_normalised,sim_chip_development_038_4_1,sim_sample_development_038_4_1,sim_run_development_038,,not_applicable,,original
synthetic,development_038_5_0,sim_038,3,316.22776601683796,albumin_percent,34.98033747863667,False,generated,non_monotonic,11,development_038_5_0,,x_unbound_cmax,percent_source_normalised,sim_chip_development_038_5_0,sim_sample_development_038_5_0,sim_run_development_038,,not_applicable,,original
synthetic,development_038_5_1,sim_038,3,316.22776601683796,albumin_percent,46.460813018355175,False,generated,non_monotonic,12,development_038_5_1,,x_unbound_cmax,percent_source_normalised,sim_chip_development_038_5_1,sim_sample_development_038_5_1,sim_run_development_038,,not_applicable,,original
synthetic,development_039_0_0,sim_039,3,1.0,albumin_percent,99.64060766804164,False,generated,run_shift,1,development_039_0_0,,x_unbound_cmax,percent_source_normalised,sim_chip_development_039_0_0,sim_sample_development_039_0_0,sim_run_development_039,,not_applicable,,original
synthetic,development_039_0_1,sim_039,3,1.0,albumin_percent,102.36863491545243,False,generated,run_shift,2,development_039_0_1,,x_unbound_cmax,percent_source_normalised,sim_chip_development_039_0_1,sim_sample_development_039_0_1,sim_run_development_039,,not_applicable,,original
synthetic,development_039_1_0,sim_039,3,3.1622776601683795,albumin_percent,82.72547822513681,False,generated,run_shift,3,development_039_1_0,,x_unbound_cmax,percent_source_normalised,sim_chip_development_039_1_0,sim_sample_development_039_1_0,sim_run_development_039,,not_applicable,,original
synthetic,development_039_1_1,sim_039,3,3.1622776601683795,albumin_percent,94.163082803874,False,generated,run_shift,4,development_039_1_1,,x_unbound_cmax,percent_source_normalised,sim_chip_development_039_1_1,sim_sample_development_039_1_1,sim_run_development_039,,not_applicable,,original
synthetic,development_039_2_0,sim_039,3,10.0,albumin_percent,66.20775627384029,False,generated,run_shift,5,development_039_2_0,,x_unbound_cmax,percent_source_normalised,sim_chip_development_039_2_0,sim_sample_development_039_2_0,sim_run_development_039,,not_applicable,,original
synthetic,development_039_2_1,sim_039,3,10.0,albumin_percent,79.77756757483861,False,generated,run_shift,6,development_039_2_1,,x_unbound_cmax,percent_source_normalised,sim_chip_development_039_2_1,sim_sample_development_039_2_1,sim_run_development_039,,not_applicable,,original
synthetic,development_039_3_0,sim_039,3,31.622776601683793,albumin_percent,39.97452157593152,False,generated,run_shift,7,development_039_3_0,,x_unbound_cmax,percent_source_normalised,sim_chip_development_039_3_0,sim_sample_development_039_3_0,sim_run_development_039,,not_applicable,,original
synthetic,development_039_3_1,sim_039,3,31.622776601683793,albumin_percent,21.345164329949004,False,generated,run_shift,8,development_039_3_1,,x_unbound_cmax,percent_source_normalised,sim_chip_development_039_3_1,sim_sample_development_039_3_1,sim_run_development_039,,not_applicable,,original
synthetic,development_039_4_0,sim_039,3,100.0,albumin_percent,23.81016800605901,False,generated,run_shift,9,development_039_4_0,,x_unbound_cmax,percent_source_normalised,sim_chip_development_039_4_0,sim_sample_development_039_4_0,sim_run_development_039,,not_applicable,,original
synthetic,development_039_4_1,sim_039,3,100.0,albumin_percent,14.212057900105435,False,generated,run_shift,10,development_039_4_1,,x_unbound_cmax,percent_source_normalised,sim_chip_development_039_4_1,sim_sample_development_039_4_1,sim_run_development_039,,not_applicable,,original
synthetic,development_039_5_0,sim_039,3,316.22776601683796,albumin_percent,27.051204272990525,False,generated,run_shift,11,development_039_5_0,,x_unbound_cmax,percent_source_normalised,sim_chip_development_039_5_0,sim_sample_development_039_5_0,sim_run_development_039,,not_applicable,,original
synthetic,development_039_5_1,sim_039,3,316.22776601683796,albumin_percent,14.240594337052812,False,generated,run_shift,12,development_039_5_1,,x_unbound_cmax,percent_source_normalised,sim_chip_development_039_5_1,sim_sample_development_039_5_1,sim_run_development_039,,not_applicable,,original
synthetic,development_040_0_0,sim_040,3,1.0,albumin_percent,105.67042436055985,False,generated,clean,1,development_040_0_0,,x_unbound_cmax,percent_source_normalised,sim_chip_development_040_0_0,sim_sample_development_040_0_0,sim_run_development_040,,not_applicable,,original
synthetic,development_040_0_1,sim_040,3,1.0,albumin_percent,88.8792524453657,False,generated,clean,2,development_040_0_1,,x_unbound_cmax,percent_source_normalised,sim_chip_development_040_0_1,sim_sample_development_040_0_1,sim_run_development_040,,not_applicable,,original
synthetic,development_040_1_0,sim_040,3,3.1622776601683795,albumin_percent,87.50389311556476,False,generated,clean,3,development_040_1_0,,x_unbound_cmax,percent_source_normalised,sim_chip_development_040_1_0,sim_sample_development_040_1_0,sim_run_development_040,,not_applicable,,original
synthetic,development_040_1_1,sim_040,3,3.1622776601683795,albumin_percent,105.07045639620677,False,generated,clean,4,development_040_1_1,,x_unbound_cmax,percent_source_normalised,sim_chip_development_040_1_1,sim_sample_development_040_1_1,sim_run_development_040,,not_applicable,,original
synthetic,development_040_2_0,sim_040,3,10.0,albumin_percent,82.91779567060455,False,generated,clean,5,development_040_2_0,,x_unbound_cmax,percent_source_normalised,sim_chip_development_040_2_0,sim_sample_development_040_2_0,sim_run_development_040,,not_applicable,,original
synthetic,development_040_2_1,sim_040,3,10.0,albumin_percent,77.12784895139691,False,generated,clean,6,development_040_2_1,,x_unbound_cmax,percent_source_normalised,sim_chip_development_040_2_1,sim_sample_development_040_2_1,sim_run_development_040,,not_applicable,,original
synthetic,development_040_3_0,sim_040,3,31.622776601683793,albumin_percent,28.690675703099206,False,generated,clean,7,development_040_3_0,,x_unbound_cmax,percent_source_normalised,sim_chip_development_040_3_0,sim_sample_development_040_3_0,sim_run_development_040,,not_applicable,,original
synthetic,development_040_3_1,sim_040,3,31.622776601683793,albumin_percent,26.446059087110577,False,generated,clean,8,development_040_3_1,,x_unbound_cmax,percent_source_normalised,sim_chip_development_040_3_1,sim_sample_development_040_3_1,sim_run_development_040,,not_applicable,,original
synthetic,development_040_4_0,sim_040,3,100.0,albumin_percent,16.701630382922687,False,generated,clean,9,development_040_4_0,,x_unbound_cmax,percent_source_normalised,sim_chip_development_040_4_0,sim_sample_development_040_4_0,sim_run_development_040,,not_applicable,,original
synthetic,development_040_4_1,sim_040,3,100.0,albumin_percent,22.061141095254612,False,generated,clean,10,development_040_4_1,,x_unbound_cmax,percent_source_normalised,sim_chip_development_040_4_1,sim_sample_development_040_4_1,sim_run_development_040,,not_applicable,,original
synthetic,development_040_5_0,sim_040,3,316.22776601683796,albumin_percent,17.200491083577326,False,generated,clean,11,development_040_5_0,,x_unbound_cmax,percent_source_normalised,sim_chip_development_040_5_0,sim_sample_development_040_5_0,sim_run_development_040,,not_applicable,,original
synthetic,development_040_5_1,sim_040,3,316.22776601683796,albumin_percent,18.181247166348555,False,generated,clean,12,development_040_5_1,,x_unbound_cmax,percent_source_normalised,sim_chip_development_040_5_1,sim_sample_development_040_5_1,sim_run_development_040,,not_applicable,,original
synthetic,development_041_0_0,sim_041,3,1.0,albumin_percent,115.84736627041804,False,generated,random_missing,1,development_041_0_0,,x_unbound_cmax,percent_source_normalised,sim_chip_development_041_0_0,sim_sample_development_041_0_0,sim_run_development_041,,not_applicable,,original
synthetic,development_041_0_1,sim_041,3,1.0,albumin_percent,116.34045039029107,False,generated,random_missing,2,development_041_0_1,,x_unbound_cmax,percent_source_normalised,sim_chip_development_041_0_1,sim_sample_development_041_0_1,sim_run_development_041,,not_applicable,,original
synthetic,development_041_1_0,sim_041,3,3.1622776601683795,albumin_percent,97.10241483953321,False,generated,random_missing,3,development_041_1_0,,x_unbound_cmax,percent_source_normalised,sim_chip_development_041_1_0,sim_sample_development_041_1_0,sim_run_development_041,,not_applicable,,original
synthetic,development_041_1_1,sim_041,3,3.1622776601683795,albumin_percent,96.19165965108184,False,generated,random_missing,4,development_041_1_1,,x_unbound_cmax,percent_source_normalised,sim_chip_development_041_1_1,sim_sample_development_041_1_1,sim_run_development_041,,not_applicable,,original
synthetic,development_041_2_0,sim_041,3,10.0,albumin_percent,116.59474153435058,False,generated,random_missing,5,development_041_2_0,,x_unbound_cmax,percent_source_normalised,sim_chip_development_041_2_0,sim_sample_development_041_2_0,sim_run_development_041,,not_applicable,,original
synthetic,development_041_2_1,sim_041,3,10.0,albumin_percent,,True,generated,random_missing,6,development_041_2_1,,x_unbound_cmax,percent_source_normalised,sim_chip_development_041_2_1,sim_sample_development_041_2_1,sim_run_development_041,,not_applicable,random_missing,original
synthetic,development_041_3_0,sim_041,3,31.622776601683793,albumin_percent,102.97218919666236,False,generated,random_missing,7,development_041_3_0,,x_unbound_cmax,percent_source_normalised,sim_chip_development_041_3_0,sim_sample_development_041_3_0,sim_run_development_041,,not_applicable,,original
synthetic,development_041_3_1,sim_041,3,31.622776601683793,albumin_percent,,True,generated,random_missing,8,development_041_3_1,,x_unbound_cmax,percent_source_normalised,sim_chip_development_041_3_1,sim_sample_development_041_3_1,sim_run_development_041,,not_applicable,random_missing,original
synthetic,development_041_4_0,sim_041,3,100.0,albumin_percent,,True,generated,random_missing,9,development_041_4_0,,x_unbound_cmax,percent_source_normalised,sim_chip_development_041_4_0,sim_sample_development_041_4_0,sim_run_development_041,,not_applicable,random_missing,original
synthetic,development_041_4_1,sim_041,3,100.0,albumin_percent,44.37954292110834,False,generated,random_missing,10,development_041_4_1,,x_unbound_cmax,percent_source_normalised,sim_chip_development_041_4_1,sim_sample_development_041_4_1,sim_run_development_041,,not_applicable,,original
synthetic,development_041_5_0,sim_041,3,316.22776601683796,albumin_percent,34.0647203004962,False,generated,random_missing,11,development_041_5_0,,x_unbound_cmax,percent_source_normalised,sim_chip_development_041_5_0,sim_sample_development_041_5_0,sim_run_development_041,,not_applicable,,original
synthetic,development_041_5_1,sim_041,3,316.22776601683796,albumin_percent,,True,generated,random_missing,12,development_041_5_1,,x_unbound_cmax,percent_source_normalised,sim_chip_development_041_5_1,sim_sample_development_041_5_1,sim_run_development_041,,not_applicable,random_missing,original
synthetic,development_042_0_0,sim_042,3,1.0,albumin_percent,101.25018451323264,False,generated,response_dependent_missing,1,development_042_0_0,,x_unbound_cmax,percent_source_normalised,sim_chip_development_042_0_0,sim_sample_development_042_0_0,sim_run_development_042,,not_applicable,,original
synthetic,development_042_0_1,sim_042,3,1.0,albumin_percent,101.1996595926755,False,generated,response_dependent_missing,2,development_042_0_1,,x_unbound_cmax,percent_source_normalised,sim_chip_development_042_0_1,sim_sample_development_042_0_1,sim_run_development_042,,not_applicable,,original
synthetic,development_042_1_0,sim_042,3,3.1622776601683795,albumin_percent,83.27255582790202,False,generated,response_dependent_missing,3,development_042_1_0,,x_unbound_cmax,percent_source_normalised,sim_chip_development_042_1_0,sim_sample_development_042_1_0,sim_run_development_042,,not_applicable,,original
synthetic,development_042_1_1,sim_042,3,3.1622776601683795,albumin_percent,91.43739456541236,False,generated,response_dependent_missing,4,development_042_1_1,,x_unbound_cmax,percent_source_normalised,sim_chip_development_042_1_1,sim_sample_development_042_1_1,sim_run_development_042,,not_applicable,,original
synthetic,development_042_2_0,sim_042,3,10.0,albumin_percent,114.83839395571914,False,generated,response_dependent_missing,5,development_042_2_0,,x_unbound_cmax,percent_source_normalised,sim_chip_development_042_2_0,sim_sample_development_042_2_0,sim_run_development_042,,not_applicable,,original
synthetic,development_042_2_1,sim_042,3,10.0,albumin_percent,81.70170199517405,False,generated,response_dependent_missing,6,development_042_2_1,,x_unbound_cmax,percent_source_normalised,sim_chip_development_042_2_1,sim_sample_development_042_2_1,sim_run_development_042,,not_applicable,,original
synthetic,development_042_3_0,sim_042,3,31.622776601683793,albumin_percent,43.33327989932132,False,generated,response_dependent_missing,7,development_042_3_0,,x_unbound_cmax,percent_source_normalised,sim_chip_development_042_3_0,sim_sample_development_042_3_0,sim_run_development_042,,not_applicable,,original
synthetic,development_042_3_1,sim_042,3,31.622776601683793,albumin_percent,49.6363770064267,False,generated,response_dependent_missing,8,development_042_3_1,,x_unbound_cmax,percent_source_normalised,sim_chip_development_042_3_1,sim_sample_development_042_3_1,sim_run_development_042,,not_applicable,,original
synthetic,development_042_4_0,sim_042,3,100.0,albumin_percent,,True,generated,response_dependent_missing,9,development_042_4_0,,x_unbound_cmax,percent_source_normalised,sim_chip_development_042_4_0,sim_sample_development_042_4_0,sim_run_development_042,,not_applicable,response_dependent_missing,original
synthetic,development_042_4_1,sim_042,3,100.0,albumin_percent,,True,generated,response_dependent_missing,10,development_042_4_1,,x_unbound_cmax,percent_source_normalised,sim_chip_development_042_4_1,sim_sample_development_042_4_1,sim_run_development_042,,not_applicable,response_dependent_missing,original
synthetic,development_042_5_0,sim_042,3,316.22776601683796,albumin_percent,,True,generated,response_dependent_missing,11,development_042_5_0,,x_unbound_cmax,percent_source_normalised,sim_chip_development_042_5_0,sim_sample_development_042_5_0,sim_run_development_042,,not_applicable,response_dependent_missing,original
synthetic,development_042_5_1,sim_042,3,316.22776601683796,albumin_percent,,True,generated,response_dependent_missing,12,development_042_5_1,,x_unbound_cmax,percent_source_normalised,sim_chip_development_042_5_1,sim_sample_development_042_5_1,sim_run_development_042,,not_applicable,response_dependent_missing,original
synthetic,development_043_0_0,sim_043,3,1.0,albumin_percent,119.43012246941719,False,generated,truncated_range,1,development_043_0_0,,x_unbound_cmax,percent_source_normalised,sim_chip_development_043_0_0,sim_sample_development_043_0_0,sim_run_development_043,,not_applicable,,original
synthetic,development_043_0_1,sim_043,3,1.0,albumin_percent,123.38916333884553,False,generated,truncated_range,2,development_043_0_1,,x_unbound_cmax,percent_source_normalised,sim_chip_development_043_0_1,sim_sample_development_043_0_1,sim_run_development_043,,not_applicable,,original
synthetic,development_043_1_0,sim_043,3,3.1622776601683795,albumin_percent,114.24708256193416,False,generated,truncated_range,3,development_043_1_0,,x_unbound_cmax,percent_source_normalised,sim_chip_development_043_1_0,sim_sample_development_043_1_0,sim_run_development_043,,not_applicable,,original
synthetic,development_043_1_1,sim_043,3,3.1622776601683795,albumin_percent,123.55669545859823,False,generated,truncated_range,4,development_043_1_1,,x_unbound_cmax,percent_source_normalised,sim_chip_development_043_1_1,sim_sample_development_043_1_1,sim_run_development_043,,not_applicable,,original
synthetic,development_043_2_0,sim_043,3,10.0,albumin_percent,116.43014912919249,False,generated,truncated_range,5,development_043_2_0,,x_unbound_cmax,percent_source_normalised,sim_chip_development_043_2_0,sim_sample_development_043_2_0,sim_run_development_043,,not_applicable,,original
synthetic,development_043_2_1,sim_043,3,10.0,albumin_percent,118.52340068695415,False,generated,truncated_range,6,development_043_2_1,,x_unbound_cmax,percent_source_normalised,sim_chip_development_043_2_1,sim_sample_development_043_2_1,sim_run_development_043,,not_applicable,,original
synthetic,development_043_3_0,sim_043,3,31.622776601683793,albumin_percent,110.02698732449433,False,generated,truncated_range,7,development_043_3_0,,x_unbound_cmax,percent_source_normalised,sim_chip_development_043_3_0,sim_sample_development_043_3_0,sim_run_development_043,,not_applicable,,original
synthetic,development_043_3_1,sim_043,3,31.622776601683793,albumin_percent,106.2802024358149,False,generated,truncated_range,8,development_043_3_1,,x_unbound_cmax,percent_source_normalised,sim_chip_development_043_3_1,sim_sample_development_043_3_1,sim_run_development_043,,not_applicable,,original
synthetic,development_044_0_0,sim_044,3,1.0,albumin_percent,112.23581237670813,False,generated,singletons,1,development_044_0_0,,x_unbound_cmax,percent_source_normalised,sim_chip_development_044_0_0,sim_sample_development_044_0_0,sim_run_development_044,,not_applicable,,original
synthetic,development_044_1_0,sim_044,3,3.1622776601683795,albumin_percent,90.13298439576077,False,generated,singletons,2,development_044_1_0,,x_unbound_cmax,percent_source_normalised,sim_chip_development_044_1_0,sim_sample_development_044_1_0,sim_run_development_044,,not_applicable,,original
synthetic,development_044_2_0,sim_044,3,10.0,albumin_percent,87.9904816404688,False,generated,singletons,3,development_044_2_0,,x_unbound_cmax,percent_source_normalised,sim_chip_development_044_2_0,sim_sample_development_044_2_0,sim_run_development_044,,not_applicable,,original
synthetic,development_044_3_0,sim_044,3,31.622776601683793,albumin_percent,22.994223550658226,False,generated,singletons,4,development_044_3_0,,x_unbound_cmax,percent_source_normalised,sim_chip_development_044_3_0,sim_sample_development_044_3_0,sim_run_development_044,,not_applicable,,original
synthetic,development_044_4_0,sim_044,3,100.0,albumin_percent,22.833612768973655,False,generated,singletons,5,development_044_4_0,,x_unbound_cmax,percent_source_normalised,sim_chip_development_044_4_0,sim_sample_development_044_4_0,sim_run_development_044,,not_applicable,,original
synthetic,development_044_5_0,sim_044,3,316.22776601683796,albumin_percent,30.193930604445885,False,generated,singletons,6,development_044_5_0,,x_unbound_cmax,percent_source_normalised,sim_chip_development_044_5_0,sim_sample_development_044_5_0,sim_run_development_044,,not_applicable,,original
synthetic,development_045_0_0,sim_045,3,1.0,albumin_percent,109.86595505551512,False,generated,influential_reading,1,development_045_0_0,,x_unbound_cmax,percent_source_normalised,sim_chip_development_045_0_0,sim_sample_development_045_0_0,sim_run_development_045,,not_applicable,,original
synthetic,development_045_0_1,sim_045,3,1.0,albumin_percent,119.38582485378991,False,generated,influential_reading,2,development_045_0_1,,x_unbound_cmax,percent_source_normalised,sim_chip_development_045_0_1,sim_sample_development_045_0_1,sim_run_development_045,,not_applicable,,original
synthetic,development_045_1_0,sim_045,3,3.1622776601683795,albumin_percent,124.38978360179622,False,generated,influential_reading,3,development_045_1_0,,x_unbound_cmax,percent_source_normalised,sim_chip_development_045_1_0,sim_sample_development_045_1_0,sim_run_development_045,,not_applicable,,original
synthetic,development_045_1_1,sim_045,3,3.1622776601683795,albumin_percent,105.88374311174898,False,generated,influential_reading,4,development_045_1_1,,x_unbound_cmax,percent_source_normalised,sim_chip_development_045_1_1,sim_sample_development_045_1_1,sim_run_development_045,,not_applicable,,original
synthetic,development_045_2_0,sim_045,3,10.0,albumin_percent,21.88788431270057,False,generated,influential_reading,5,development_045_2_0,,x_unbound_cmax,percent_source_normalised,sim_chip_development_045_2_0,sim_sample_development_045_2_0,sim_run_development_045,,not_applicable,,original
synthetic,development_045_2_1,sim_045,3,10.0,albumin_percent,32.77505355608935,False,generated,influential_reading,6,development_045_2_1,,x_unbound_cmax,percent_source_normalised,sim_chip_development_045_2_1,sim_sample_development_045_2_1,sim_run_development_045,,not_applicable,,original
synthetic,development_045_3_0,sim_045,3,31.622776601683793,albumin_percent,112.83551954166532,False,generated,influential_reading,7,development_045_3_0,,x_unbound_cmax,percent_source_normalised,sim_chip_development_045_3_0,sim_sample_development_045_3_0,sim_run_development_045,,not_applicable,,original
synthetic,development_045_3_1,sim_045,3,31.622776601683793,albumin_percent,15.107502766721172,False,generated,influential_reading,8,development_045_3_1,,x_unbound_cmax,percent_source_normalised,sim_chip_development_045_3_1,sim_sample_development_045_3_1,sim_run_development_045,,not_applicable,,original
synthetic,development_045_4_0,sim_045,3,100.0,albumin_percent,17.159124240632938,False,generated,influential_reading,9,development_045_4_0,,x_unbound_cmax,percent_source_normalised,sim_chip_development_045_4_0,sim_sample_development_045_4_0,sim_run_development_045,,not_applicable,,original
synthetic,development_045_4_1,sim_045,3,100.0,albumin_percent,32.02125353670235,False,generated,influential_reading,10,development_045_4_1,,x_unbound_cmax,percent_source_normalised,sim_chip_development_045_4_1,sim_sample_development_045_4_1,sim_run_development_045,,not_applicable,,original
synthetic,development_045_5_0,sim_045,3,316.22776601683796,albumin_percent,12.864609152993928,False,generated,influential_reading,11,development_045_5_0,,x_unbound_cmax,percent_source_normalised,sim_chip_development_045_5_0,sim_sample_development_045_5_0,sim_run_development_045,,not_applicable,,original
synthetic,development_045_5_1,sim_045,3,316.22776601683796,albumin_percent,11.736245399066814,False,generated,influential_reading,12,development_045_5_1,,x_unbound_cmax,percent_source_normalised,sim_chip_development_045_5_1,sim_sample_development_045_5_1,sim_run_development_045,,not_applicable,,original
synthetic,development_046_0_0,sim_046,3,1.0,albumin_percent,98.42154765249191,False,generated,non_monotonic,1,development_046_0_0,,x_unbound_cmax,percent_source_normalised,sim_chip_development_046_0_0,sim_sample_development_046_0_0,sim_run_development_046,,not_applicable,,original
synthetic,development_046_0_1,sim_046,3,1.0,albumin_percent,89.8848103520566,False,generated,non_monotonic,2,development_046_0_1,,x_unbound_cmax,percent_source_normalised,sim_chip_development_046_0_1,sim_sample_development_046_0_1,sim_run_development_046,,not_applicable,,original
synthetic,development_046_1_0,sim_046,3,3.1622776601683795,albumin_percent,84.6225324481916,False,generated,non_monotonic,3,development_046_1_0,,x_unbound_cmax,percent_source_normalised,sim_chip_development_046_1_0,sim_sample_development_046_1_0,sim_run_development_046,,not_applicable,,original
synthetic,development_046_1_1,sim_046,3,3.1622776601683795,albumin_percent,102.24760987026009,False,generated,non_monotonic,4,development_046_1_1,,x_unbound_cmax,percent_source_normalised,sim_chip_development_046_1_1,sim_sample_development_046_1_1,sim_run_development_046,,not_applicable,,original
synthetic,development_046_2_0,sim_046,3,10.0,albumin_percent,44.62696669655185,False,generated,non_monotonic,5,development_046_2_0,,x_unbound_cmax,percent_source_normalised,sim_chip_development_046_2_0,sim_sample_development_046_2_0,sim_run_development_046,,not_applicable,,original
synthetic,development_046_2_1,sim_046,3,10.0,albumin_percent,43.29095721120635,False,generated,non_monotonic,6,development_046_2_1,,x_unbound_cmax,percent_source_normalised,sim_chip_development_046_2_1,sim_sample_development_046_2_1,sim_run_development_046,,not_applicable,,original
synthetic,development_046_3_0,sim_046,3,31.622776601683793,albumin_percent,30.272476469808975,False,generated,non_monotonic,7,development_046_3_0,,x_unbound_cmax,percent_source_normalised,sim_chip_development_046_3_0,sim_sample_development_046_3_0,sim_run_development_046,,not_applicable,,original
synthetic,development_046_3_1,sim_046,3,31.622776601683793,albumin_percent,25.943765372775562,False,generated,non_monotonic,8,development_046_3_1,,x_unbound_cmax,percent_source_normalised,sim_chip_development_046_3_1,sim_sample_development_046_3_1,sim_run_development_046,,not_applicable,,original
synthetic,development_046_4_0,sim_046,3,100.0,albumin_percent,64.3033186806301,False,generated,non_monotonic,9,development_046_4_0,,x_unbound_cmax,percent_source_normalised,sim_chip_development_046_4_0,sim_sample_development_046_4_0,sim_run_development_046,,not_applicable,,original
synthetic,development_046_4_1,sim_046,3,100.0,albumin_percent,70.99854568420754,False,generated,non_monotonic,10,development_046_4_1,,x_unbound_cmax,percent_source_normalised,sim_chip_development_046_4_1,sim_sample_development_046_4_1,sim_run_development_046,,not_applicable,,original
synthetic,development_046_5_0,sim_046,3,316.22776601683796,albumin_percent,7.927401983479824,False,generated,non_monotonic,11,development_046_5_0,,x_unbound_cmax,percent_source_normalised,sim_chip_development_046_5_0,sim_sample_development_046_5_0,sim_run_development_046,,not_applicable,,original
synthetic,development_046_5_1,sim_046,3,316.22776601683796,albumin_percent,4.22615907562021,False,generated,non_monotonic,12,development_046_5_1,,x_unbound_cmax,percent_source_normalised,sim_chip_development_046_5_1,sim_sample_development_046_5_1,sim_run_development_046,,not_applicable,,original
synthetic,development_047_0_0,sim_047,3,1.0,albumin_percent,110.13893330981357,False,generated,run_shift,1,development_047_0_0,,x_unbound_cmax,percent_source_normalised,sim_chip_development_047_0_0,sim_sample_development_047_0_0,sim_run_development_047,,not_applicable,,original
synthetic,development_047_0_1,sim_047,3,1.0,albumin_percent,98.62845361538913,False,generated,run_shift,2,development_047_0_1,,x_unbound_cmax,percent_source_normalised,sim_chip_development_047_0_1,sim_sample_development_047_0_1,sim_run_development_047,,not_applicable,,original
synthetic,development_047_1_0,sim_047,3,3.1622776601683795,albumin_percent,91.22790886310857,False,generated,run_shift,3,development_047_1_0,,x_unbound_cmax,percent_source_normalised,sim_chip_development_047_1_0,sim_sample_development_047_1_0,sim_run_development_047,,not_applicable,,original
synthetic,development_047_1_1,sim_047,3,3.1622776601683795,albumin_percent,104.12653041454436,False,generated,run_shift,4,development_047_1_1,,x_unbound_cmax,percent_source_normalised,sim_chip_development_047_1_1,sim_sample_development_047_1_1,sim_run_development_047,,not_applicable,,original
synthetic,development_047_2_0,sim_047,3,10.0,albumin_percent,93.32026496902226,False,generated,run_shift,5,development_047_2_0,,x_unbound_cmax,percent_source_normalised,sim_chip_development_047_2_0,sim_sample_development_047_2_0,sim_run_development_047,,not_applicable,,original
synthetic,development_047_2_1,sim_047,3,10.0,albumin_percent,97.404684570727,False,generated,run_shift,6,development_047_2_1,,x_unbound_cmax,percent_source_normalised,sim_chip_development_047_2_1,sim_sample_development_047_2_1,sim_run_development_047,,not_applicable,,original
synthetic,development_047_3_0,sim_047,3,31.622776601683793,albumin_percent,37.888409935731715,False,generated,run_shift,7,development_047_3_0,,x_unbound_cmax,percent_source_normalised,sim_chip_development_047_3_0,sim_sample_development_047_3_0,sim_run_development_047,,not_applicable,,original
synthetic,development_047_3_1,sim_047,3,31.622776601683793,albumin_percent,36.32118802969888,False,generated,run_shift,8,development_047_3_1,,x_unbound_cmax,percent_source_normalised,sim_chip_development_047_3_1,sim_sample_development_047_3_1,sim_run_development_047,,not_applicable,,original
synthetic,development_047_4_0,sim_047,3,100.0,albumin_percent,2.2543853927734467,False,generated,run_shift,9,development_047_4_0,,x_unbound_cmax,percent_source_normalised,sim_chip_development_047_4_0,sim_sample_development_047_4_0,sim_run_development_047,,not_applicable,,original
synthetic,development_047_4_1,sim_047,3,100.0,albumin_percent,15.508474993488003,False,generated,run_shift,10,development_047_4_1,,x_unbound_cmax,percent_source_normalised,sim_chip_development_047_4_1,sim_sample_development_047_4_1,sim_run_development_047,,not_applicable,,original
synthetic,development_047_5_0,sim_047,3,316.22776601683796,albumin_percent,4.5570291185948975,False,generated,run_shift,11,development_047_5_0,,x_unbound_cmax,percent_source_normalised,sim_chip_development_047_5_0,sim_sample_development_047_5_0,sim_run_development_047,,not_applicable,,original
synthetic,development_047_5_1,sim_047,3,316.22776601683796,albumin_percent,-8.172561499653439,False,generated,run_shift,12,development_047_5_1,,x_unbound_cmax,percent_source_normalised,sim_chip_development_047_5_1,sim_sample_development_047_5_1,sim_run_development_047,,not_applicable,,original
synthetic,development_048_0_0,sim_048,3,1.0,albumin_percent,101.4043138282708,False,generated,clean,1,development_048_0_0,,x_unbound_cmax,percent_source_normalised,sim_chip_development_048_0_0,sim_sample_development_048_0_0,sim_run_development_048,,not_applicable,,original
synthetic,development_048_0_1,sim_048,3,1.0,albumin_percent,108.76744957710274,False,generated,clean,2,development_048_0_1,,x_unbound_cmax,percent_source_normalised,sim_chip_development_048_0_1,sim_sample_development_048_0_1,sim_run_development_048,,not_applicable,,original
synthetic,development_048_1_0,sim_048,3,3.1622776601683795,albumin_percent,97.29663824680678,False,generated,clean,3,development_048_1_0,,x_unbound_cmax,percent_source_normalised,sim_chip_development_048_1_0,sim_sample_development_048_1_0,sim_run_development_048,,not_applicable,,original
synthetic,development_048_1_1,sim_048,3,3.1622776601683795,albumin_percent,101.09088865169478,False,generated,clean,4,development_048_1_1,,x_unbound_cmax,percent_source_normalised,sim_chip_development_048_1_1,sim_sample_development_048_1_1,sim_run_development_048,,not_applicable,,original
synthetic,development_048_2_0,sim_048,3,10.0,albumin_percent,105.47036540351147,False,generated,clean,5,development_048_2_0,,x_unbound_cmax,percent_source_normalised,sim_chip_development_048_2_0,sim_sample_development_048_2_0,sim_run_development_048,,not_applicable,,original
synthetic,development_048_2_1,sim_048,3,10.0,albumin_percent,97.60397587817094,False,generated,clean,6,development_048_2_1,,x_unbound_cmax,percent_source_normalised,sim_chip_development_048_2_1,sim_sample_development_048_2_1,sim_run_development_048,,not_applicable,,original
synthetic,development_048_3_0,sim_048,3,31.622776601683793,albumin_percent,69.01525524131412,False,generated,clean,7,development_048_3_0,,x_unbound_cmax,percent_source_normalised,sim_chip_development_048_3_0,sim_sample_development_048_3_0,sim_run_development_048,,not_applicable,,original
synthetic,development_048_3_1,sim_048,3,31.622776601683793,albumin_percent,53.977929536268945,False,generated,clean,8,development_048_3_1,,x_unbound_cmax,percent_source_normalised,sim_chip_development_048_3_1,sim_sample_development_048_3_1,sim_run_development_048,,not_applicable,,original
synthetic,development_048_4_0,sim_048,3,100.0,albumin_percent,39.57526941295351,False,generated,clean,9,development_048_4_0,,x_unbound_cmax,percent_source_normalised,sim_chip_development_048_4_0,sim_sample_development_048_4_0,sim_run_development_048,,not_applicable,,original
synthetic,development_048_4_1,sim_048,3,100.0,albumin_percent,36.775281218823324,False,generated,clean,10,development_048_4_1,,x_unbound_cmax,percent_source_normalised,sim_chip_development_048_4_1,sim_sample_development_048_4_1,sim_run_development_048,,not_applicable,,original
synthetic,development_048_5_0,sim_048,3,316.22776601683796,albumin_percent,22.80040505307086,False,generated,clean,11,development_048_5_0,,x_unbound_cmax,percent_source_normalised,sim_chip_development_048_5_0,sim_sample_development_048_5_0,sim_run_development_048,,not_applicable,,original
synthetic,development_048_5_1,sim_048,3,316.22776601683796,albumin_percent,28.22815365941876,False,generated,clean,12,development_048_5_1,,x_unbound_cmax,percent_source_normalised,sim_chip_development_048_5_1,sim_sample_development_048_5_1,sim_run_development_048,,not_applicable,,original
synthetic,development_049_0_0,sim_049,3,1.0,albumin_percent,102.660932202914,False,generated,random_missing,1,development_049_0_0,,x_unbound_cmax,percent_source_normalised,sim_chip_development_049_0_0,sim_sample_development_049_0_0,sim_run_development_049,,not_applicable,,original
synthetic,development_049_0_1,sim_049,3,1.0,albumin_percent,92.23253013320105,False,generated,random_missing,2,development_049_0_1,,x_unbound_cmax,percent_source_normalised,sim_chip_development_049_0_1,sim_sample_development_049_0_1,sim_run_development_049,,not_applicable,,original
synthetic,development_049_1_0,sim_049,3,3.1622776601683795,albumin_percent,,True,generated,random_missing,3,development_049_1_0,,x_unbound_cmax,percent_source_normalised,sim_chip_development_049_1_0,sim_sample_development_049_1_0,sim_run_development_049,,not_applicable,random_missing,original
synthetic,development_049_1_1,sim_049,3,3.1622776601683795,albumin_percent,109.65810831602904,False,generated,random_missing,4,development_049_1_1,,x_unbound_cmax,percent_source_normalised,sim_chip_development_049_1_1,sim_sample_development_049_1_1,sim_run_development_049,,not_applicable,,original
synthetic,development_049_2_0,sim_049,3,10.0,albumin_percent,97.77666746663488,False,generated,random_missing,5,development_049_2_0,,x_unbound_cmax,percent_source_normalised,sim_chip_development_049_2_0,sim_sample_development_049_2_0,sim_run_development_049,,not_applicable,,original
synthetic,development_049_2_1,sim_049,3,10.0,albumin_percent,105.95714655005432,False,generated,random_missing,6,development_049_2_1,,x_unbound_cmax,percent_source_normalised,sim_chip_development_049_2_1,sim_sample_development_049_2_1,sim_run_development_049,,not_applicable,,original
synthetic,development_049_3_0,sim_049,3,31.622776601683793,albumin_percent,,True,generated,random_missing,7,development_049_3_0,,x_unbound_cmax,percent_source_normalised,sim_chip_development_049_3_0,sim_sample_development_049_3_0,sim_run_development_049,,not_applicable,random_missing,original
synthetic,development_049_3_1,sim_049,3,31.622776601683793,albumin_percent,68.77454302807824,False,generated,random_missing,8,development_049_3_1,,x_unbound_cmax,percent_source_normalised,sim_chip_development_049_3_1,sim_sample_development_049_3_1,sim_run_development_049,,not_applicable,,original
synthetic,development_049_4_0,sim_049,3,100.0,albumin_percent,43.892963600307844,False,generated,random_missing,9,development_049_4_0,,x_unbound_cmax,percent_source_normalised,sim_chip_development_049_4_0,sim_sample_development_049_4_0,sim_run_development_049,,not_applicable,,original
synthetic,development_049_4_1,sim_049,3,100.0,albumin_percent,45.58202803329716,False,generated,random_missing,10,development_049_4_1,,x_unbound_cmax,percent_source_normalised,sim_chip_development_049_4_1,sim_sample_development_049_4_1,sim_run_development_049,,not_applicable,,original
synthetic,development_049_5_0,sim_049,3,316.22776601683796,albumin_percent,,True,generated,random_missing,11,development_049_5_0,,x_unbound_cmax,percent_source_normalised,sim_chip_development_049_5_0,sim_sample_development_049_5_0,sim_run_development_049,,not_applicable,random_missing,original
synthetic,development_049_5_1,sim_049,3,316.22776601683796,albumin_percent,39.752989838253214,False,generated,random_missing,12,development_049_5_1,,x_unbound_cmax,percent_source_normalised,sim_chip_development_049_5_1,sim_sample_development_049_5_1,sim_run_development_049,,not_applicable,,original
synthetic,development_050_0_0,sim_050,3,1.0,albumin_percent,98.5984354910508,False,generated,response_dependent_missing,1,development_050_0_0,,x_unbound_cmax,percent_source_normalised,sim_chip_development_050_0_0,sim_sample_development_050_0_0,sim_run_development_050,,not_applicable,,original
synthetic,development_050_0_1,sim_050,3,1.0,albumin_percent,115.54410361839247,False,generated,response_dependent_missing,2,development_050_0_1,,x_unbound_cmax,percent_source_normalised,sim_chip_development_050_0_1,sim_sample_development_050_0_1,sim_run_development_050,,not_applicable,,original
synthetic,development_050_1_0,sim_050,3,3.1622776601683795,albumin_percent,110.6662266634917,False,generated,response_dependent_missing,3,development_050_1_0,,x_unbound_cmax,percent_source_normalised,sim_chip_development_050_1_0,sim_sample_development_050_1_0,sim_run_development_050,,not_applicable,,original
synthetic,development_050_1_1,sim_050,3,3.1622776601683795,albumin_percent,90.43591628783606,False,generated,response_dependent_missing,4,development_050_1_1,,x_unbound_cmax,percent_source_normalised,sim_chip_development_050_1_1,sim_sample_development_050_1_1,sim_run_development_050,,not_applicable,,original
synthetic,development_050_2_0,sim_050,3,10.0,albumin_percent,47.58190573288298,False,generated,response_dependent_missing,5,development_050_2_0,,x_unbound_cmax,percent_source_normalised,sim_chip_development_050_2_0,sim_sample_development_050_2_0,sim_run_development_050,,not_applicable,,original
synthetic,development_050_2_1,sim_050,3,10.0,albumin_percent,63.94067203987621,False,generated,response_dependent_missing,6,development_050_2_1,,x_unbound_cmax,percent_source_normalised,sim_chip_development_050_2_1,sim_sample_development_050_2_1,sim_run_development_050,,not_applicable,,original
synthetic,development_050_3_0,sim_050,3,31.622776601683793,albumin_percent,20.513179521945503,False,generated,response_dependent_missing,7,development_050_3_0,,x_unbound_cmax,percent_source_normalised,sim_chip_development_050_3_0,sim_sample_development_050_3_0,sim_run_development_050,,not_applicable,,original
synthetic,development_050_3_1,sim_050,3,31.622776601683793,albumin_percent,38.78667990127812,False,generated,response_dependent_missing,8,development_050_3_1,,x_unbound_cmax,percent_source_normalised,sim_chip_development_050_3_1,sim_sample_development_050_3_1,sim_run_development_050,,not_applicable,,original
synthetic,development_050_4_0,sim_050,3,100.0,albumin_percent,,True,generated,response_dependent_missing,9,development_050_4_0,,x_unbound_cmax,percent_source_normalised,sim_chip_development_050_4_0,sim_sample_development_050_4_0,sim_run_development_050,,not_applicable,response_dependent_missing,original
synthetic,development_050_4_1,sim_050,3,100.0,albumin_percent,23.327329666873723,False,generated,response_dependent_missing,10,development_050_4_1,,x_unbound_cmax,percent_source_normalised,sim_chip_development_050_4_1,sim_sample_development_050_4_1,sim_run_development_050,,not_applicable,,original
synthetic,development_050_5_0,sim_050,3,316.22776601683796,albumin_percent,,True,generated,response_dependent_missing,11,development_050_5_0,,x_unbound_cmax,percent_source_normalised,sim_chip_development_050_5_0,sim_sample_development_050_5_0,sim_run_development_050,,not_applicable,response_dependent_missing,original
synthetic,development_050_5_1,sim_050,3,316.22776601683796,albumin_percent,,True,generated,response_dependent_missing,12,development_050_5_1,,x_unbound_cmax,percent_source_normalised,sim_chip_development_050_5_1,sim_sample_development_050_5_1,sim_run_development_050,,not_applicable,response_dependent_missing,original
synthetic,development_051_0_0,sim_051,3,1.0,albumin_percent,143.56754311552427,False,generated,truncated_range,1,development_051_0_0,,x_unbound_cmax,percent_source_normalised,sim_chip_development_051_0_0,sim_sample_development_051_0_0,sim_run_development_051,,not_applicable,,original
synthetic,development_051_0_1,sim_051,3,1.0,albumin_percent,127.51888878681878,False,generated,truncated_range,2,development_051_0_1,,x_unbound_cmax,percent_source_normalised,sim_chip_development_051_0_1,sim_sample_development_051_0_1,sim_run_development_051,,not_applicable,,original
synthetic,development_051_1_0,sim_051,3,3.1622776601683795,albumin_percent,123.62892749454092,False,generated,truncated_range,3,development_051_1_0,,x_unbound_cmax,percent_source_normalised,sim_chip_development_051_1_0,sim_sample_development_051_1_0,sim_run_development_051,,not_applicable,,original
synthetic,development_051_1_1,sim_051,3,3.1622776601683795,albumin_percent,138.3012696895451,False,generated,truncated_range,4,development_051_1_1,,x_unbound_cmax,percent_source_normalised,sim_chip_development_051_1_1,sim_sample_development_051_1_1,sim_run_development_051,,not_applicable,,original
synthetic,development_051_2_0,sim_051,3,10.0,albumin_percent,130.82273101168073,False,generated,truncated_range,5,development_051_2_0,,x_unbound_cmax,percent_source_normalised,sim_chip_development_051_2_0,sim_sample_development_051_2_0,sim_run_development_051,,not_applicable,,original
synthetic,development_051_2_1,sim_051,3,10.0,albumin_percent,131.61054874668545,False,generated,truncated_range,6,development_051_2_1,,x_unbound_cmax,percent_source_normalised,sim_chip_development_051_2_1,sim_sample_development_051_2_1,sim_run_development_051,,not_applicable,,original
synthetic,development_051_3_0,sim_051,3,31.622776601683793,albumin_percent,112.64874591043623,False,generated,truncated_range,7,development_051_3_0,,x_unbound_cmax,percent_source_normalised,sim_chip_development_051_3_0,sim_sample_development_051_3_0,sim_run_development_051,,not_applicable,,original
synthetic,development_051_3_1,sim_051,3,31.622776601683793,albumin_percent,109.95453137884279,False,generated,truncated_range,8,development_051_3_1,,x_unbound_cmax,percent_source_normalised,sim_chip_development_051_3_1,sim_sample_development_051_3_1,sim_run_development_051,,not_applicable,,original
synthetic,development_052_0_0,sim_052,3,1.0,albumin_percent,104.36337831426889,False,generated,singletons,1,development_052_0_0,,x_unbound_cmax,percent_source_normalised,sim_chip_development_052_0_0,sim_sample_development_052_0_0,sim_run_development_052,,not_applicable,,original
synthetic,development_052_1_0,sim_052,3,3.1622776601683795,albumin_percent,102.57924180455754,False,generated,singletons,2,development_052_1_0,,x_unbound_cmax,percent_source_normalised,sim_chip_development_052_1_0,sim_sample_development_052_1_0,sim_run_development_052,,not_applicable,,original
synthetic,development_052_2_0,sim_052,3,10.0,albumin_percent,88.50626616897591,False,generated,singletons,3,development_052_2_0,,x_unbound_cmax,percent_source_normalised,sim_chip_development_052_2_0,sim_sample_development_052_2_0,sim_run_development_052,,not_applicable,,original
synthetic,development_052_3_0,sim_052,3,31.622776601683793,albumin_percent,72.63418312631465,False,generated,singletons,4,development_052_3_0,,x_unbound_cmax,percent_source_normalised,sim_chip_development_052_3_0,sim_sample_development_052_3_0,sim_run_development_052,,not_applicable,,original
synthetic,development_052_4_0,sim_052,3,100.0,albumin_percent,32.29442539155083,False,generated,singletons,5,development_052_4_0,,x_unbound_cmax,percent_source_normalised,sim_chip_development_052_4_0,sim_sample_development_052_4_0,sim_run_development_052,,not_applicable,,original
synthetic,development_052_5_0,sim_052,3,316.22776601683796,albumin_percent,35.37503228727016,False,generated,singletons,6,development_052_5_0,,x_unbound_cmax,percent_source_normalised,sim_chip_development_052_5_0,sim_sample_development_052_5_0,sim_run_development_052,,not_applicable,,original
synthetic,development_053_0_0,sim_053,3,1.0,albumin_percent,133.53833759969308,False,generated,influential_reading,1,development_053_0_0,,x_unbound_cmax,percent_source_normalised,sim_chip_development_053_0_0,sim_sample_development_053_0_0,sim_run_development_053,,not_applicable,,original
synthetic,development_053_0_1,sim_053,3,1.0,albumin_percent,131.87527847560375,False,generated,influential_reading,2,development_053_0_1,,x_unbound_cmax,percent_source_normalised,sim_chip_development_053_0_1,sim_sample_development_053_0_1,sim_run_development_053,,not_applicable,,original
synthetic,development_053_1_0,sim_053,3,3.1622776601683795,albumin_percent,123.37199970163869,False,generated,influential_reading,3,development_053_1_0,,x_unbound_cmax,percent_source_normalised,sim_chip_development_053_1_0,sim_sample_development_053_1_0,sim_run_development_053,,not_applicable,,original
synthetic,development_053_1_1,sim_053,3,3.1622776601683795,albumin_percent,135.58274672728237,False,generated,influential_reading,4,development_053_1_1,,x_unbound_cmax,percent_source_normalised,sim_chip_development_053_1_1,sim_sample_development_053_1_1,sim_run_development_053,,not_applicable,,original
synthetic,development_053_2_0,sim_053,3,10.0,albumin_percent,112.67630289072291,False,generated,influential_reading,5,development_053_2_0,,x_unbound_cmax,percent_source_normalised,sim_chip_development_053_2_0,sim_sample_development_053_2_0,sim_run_development_053,,not_applicable,,original
synthetic,development_053_2_1,sim_053,3,10.0,albumin_percent,116.16100893378774,False,generated,influential_reading,6,development_053_2_1,,x_unbound_cmax,percent_source_normalised,sim_chip_development_053_2_1,sim_sample_development_053_2_1,sim_run_development_053,,not_applicable,,original
synthetic,development_053_3_0,sim_053,3,31.622776601683793,albumin_percent,152.2567302802718,False,generated,influential_reading,7,development_053_3_0,,x_unbound_cmax,percent_source_normalised,sim_chip_development_053_3_0,sim_sample_development_053_3_0,sim_run_development_053,,not_applicable,,original
synthetic,development_053_3_1,sim_053,3,31.622776601683793,albumin_percent,61.88894131642054,False,generated,influential_reading,8,development_053_3_1,,x_unbound_cmax,percent_source_normalised,sim_chip_development_053_3_1,sim_sample_development_053_3_1,sim_run_development_053,,not_applicable,,original
synthetic,development_053_4_0,sim_053,3,100.0,albumin_percent,31.41744357609447,False,generated,influential_reading,9,development_053_4_0,,x_unbound_cmax,percent_source_normalised,sim_chip_development_053_4_0,sim_sample_development_053_4_0,sim_run_development_053,,not_applicable,,original
synthetic,development_053_4_1,sim_053,3,100.0,albumin_percent,38.37481568777333,False,generated,influential_reading,10,development_053_4_1,,x_unbound_cmax,percent_source_normalised,sim_chip_development_053_4_1,sim_sample_development_053_4_1,sim_run_development_053,,not_applicable,,original
synthetic,development_053_5_0,sim_053,3,316.22776601683796,albumin_percent,34.702584961883915,False,generated,influential_reading,11,development_053_5_0,,x_unbound_cmax,percent_source_normalised,sim_chip_development_053_5_0,sim_sample_development_053_5_0,sim_run_development_053,,not_applicable,,original
synthetic,development_053_5_1,sim_053,3,316.22776601683796,albumin_percent,26.156139983614867,False,generated,influential_reading,12,development_053_5_1,,x_unbound_cmax,percent_source_normalised,sim_chip_development_053_5_1,sim_sample_development_053_5_1,sim_run_development_053,,not_applicable,,original
synthetic,development_054_0_0,sim_054,3,1.0,albumin_percent,105.77446707753965,False,generated,non_monotonic,1,development_054_0_0,,x_unbound_cmax,percent_source_normalised,sim_chip_development_054_0_0,sim_sample_development_054_0_0,sim_run_development_054,,not_applicable,,original
synthetic,development_054_0_1,sim_054,3,1.0,albumin_percent,112.3618936743665,False,generated,non_monotonic,2,development_054_0_1,,x_unbound_cmax,percent_source_normalised,sim_chip_development_054_0_1,sim_sample_development_054_0_1,sim_run_development_054,,not_applicable,,original
synthetic,development_054_1_0,sim_054,3,3.1622776601683795,albumin_percent,91.6644891819724,False,generated,non_monotonic,3,development_054_1_0,,x_unbound_cmax,percent_source_normalised,sim_chip_development_054_1_0,sim_sample_development_054_1_0,sim_run_development_054,,not_applicable,,original
synthetic,development_054_1_1,sim_054,3,3.1622776601683795,albumin_percent,103.27094400190583,False,generated,non_monotonic,4,development_054_1_1,,x_unbound_cmax,percent_source_normalised,sim_chip_development_054_1_1,sim_sample_development_054_1_1,sim_run_development_054,,not_applicable,,original
synthetic,development_054_2_0,sim_054,3,10.0,albumin_percent,90.7431548987179,False,generated,non_monotonic,5,development_054_2_0,,x_unbound_cmax,percent_source_normalised,sim_chip_development_054_2_0,sim_sample_development_054_2_0,sim_run_development_054,,not_applicable,,original
synthetic,development_054_2_1,sim_054,3,10.0,albumin_percent,75.89991199033861,False,generated,non_monotonic,6,development_054_2_1,,x_unbound_cmax,percent_source_normalised,sim_chip_development_054_2_1,sim_sample_development_054_2_1,sim_run_development_054,,not_applicable,,original
synthetic,development_054_3_0,sim_054,3,31.622776601683793,albumin_percent,57.08628800747951,False,generated,non_monotonic,7,development_054_3_0,,x_unbound_cmax,percent_source_normalised,sim_chip_development_054_3_0,sim_sample_development_054_3_0,sim_run_development_054,,not_applicable,,original
synthetic,development_054_3_1,sim_054,3,31.622776601683793,albumin_percent,52.38701864411003,False,generated,non_monotonic,8,development_054_3_1,,x_unbound_cmax,percent_source_normalised,sim_chip_development_054_3_1,sim_sample_development_054_3_1,sim_run_development_054,,not_applicable,,original
synthetic,development_054_4_0,sim_054,3,100.0,albumin_percent,75.75309785615846,False,generated,non_monotonic,9,development_054_4_0,,x_unbound_cmax,percent_source_normalised,sim_chip_development_054_4_0,sim_sample_development_054_4_0,sim_run_development_054,,not_applicable,,original
synthetic,development_054_4_1,sim_054,3,100.0,albumin_percent,71.79176144120026,False,generated,non_monotonic,10,development_054_4_1,,x_unbound_cmax,percent_source_normalised,sim_chip_development_054_4_1,sim_sample_development_054_4_1,sim_run_development_054,,not_applicable,,original
synthetic,development_054_5_0,sim_054,3,316.22776601683796,albumin_percent,19.252937792922953,False,generated,non_monotonic,11,development_054_5_0,,x_unbound_cmax,percent_source_normalised,sim_chip_development_054_5_0,sim_sample_development_054_5_0,sim_run_development_054,,not_applicable,,original
synthetic,development_054_5_1,sim_054,3,316.22776601683796,albumin_percent,26.744204986423526,False,generated,non_monotonic,12,development_054_5_1,,x_unbound_cmax,percent_source_normalised,sim_chip_development_054_5_1,sim_sample_development_054_5_1,sim_run_development_054,,not_applicable,,original
synthetic,development_055_0_0,sim_055,3,1.0,albumin_percent,73.37186674554825,False,generated,run_shift,1,development_055_0_0,,x_unbound_cmax,percent_source_normalised,sim_chip_development_055_0_0,sim_sample_development_055_0_0,sim_run_development_055,,not_applicable,,original
synthetic,development_055_0_1,sim_055,3,1.0,albumin_percent,78.2072096728276,False,generated,run_shift,2,development_055_0_1,,x_unbound_cmax,percent_source_normalised,sim_chip_development_055_0_1,sim_sample_development_055_0_1,sim_run_development_055,,not_applicable,,original
synthetic,development_055_1_0,sim_055,3,3.1622776601683795,albumin_percent,59.657885492404155,False,generated,run_shift,3,development_055_1_0,,x_unbound_cmax,percent_source_normalised,sim_chip_development_055_1_0,sim_sample_development_055_1_0,sim_run_development_055,,not_applicable,,original
synthetic,development_055_1_1,sim_055,3,3.1622776601683795,albumin_percent,63.22750540984437,False,generated,run_shift,4,development_055_1_1,,x_unbound_cmax,percent_source_normalised,sim_chip_development_055_1_1,sim_sample_development_055_1_1,sim_run_development_055,,not_applicable,,original
synthetic,development_055_2_0,sim_055,3,10.0,albumin_percent,36.38893569837294,False,generated,run_shift,5,development_055_2_0,,x_unbound_cmax,percent_source_normalised,sim_chip_development_055_2_0,sim_sample_development_055_2_0,sim_run_development_055,,not_applicable,,original
synthetic,development_055_2_1,sim_055,3,10.0,albumin_percent,23.174118177417043,False,generated,run_shift,6,development_055_2_1,,x_unbound_cmax,percent_source_normalised,sim_chip_development_055_2_1,sim_sample_development_055_2_1,sim_run_development_055,,not_applicable,,original
synthetic,development_055_3_0,sim_055,3,31.622776601683793,albumin_percent,7.1464210934205425,False,generated,run_shift,7,development_055_3_0,,x_unbound_cmax,percent_source_normalised,sim_chip_development_055_3_0,sim_sample_development_055_3_0,sim_run_development_055,,not_applicable,,original
synthetic,development_055_3_1,sim_055,3,31.622776601683793,albumin_percent,11.84962734826981,False,generated,run_shift,8,development_055_3_1,,x_unbound_cmax,percent_source_normalised,sim_chip_development_055_3_1,sim_sample_development_055_3_1,sim_run_development_055,,not_applicable,,original
synthetic,development_055_4_0,sim_055,3,100.0,albumin_percent,-6.612486643367008,False,generated,run_shift,9,development_055_4_0,,x_unbound_cmax,percent_source_normalised,sim_chip_development_055_4_0,sim_sample_development_055_4_0,sim_run_development_055,,not_applicable,,original
synthetic,development_055_4_1,sim_055,3,100.0,albumin_percent,-17.199839251493305,False,generated,run_shift,10,development_055_4_1,,x_unbound_cmax,percent_source_normalised,sim_chip_development_055_4_1,sim_sample_development_055_4_1,sim_run_development_055,,not_applicable,,original
synthetic,development_055_5_0,sim_055,3,316.22776601683796,albumin_percent,0.807104262503465,False,generated,run_shift,11,development_055_5_0,,x_unbound_cmax,percent_source_normalised,sim_chip_development_055_5_0,sim_sample_development_055_5_0,sim_run_development_055,,not_applicable,,original
synthetic,development_055_5_1,sim_055,3,316.22776601683796,albumin_percent,-13.883184030214077,False,generated,run_shift,12,development_055_5_1,,x_unbound_cmax,percent_source_normalised,sim_chip_development_055_5_1,sim_sample_development_055_5_1,sim_run_development_055,,not_applicable,,original
synthetic,development_056_0_0,sim_056,3,1.0,albumin_percent,130.382269629169,False,generated,clean,1,development_056_0_0,,x_unbound_cmax,percent_source_normalised,sim_chip_development_056_0_0,sim_sample_development_056_0_0,sim_run_development_056,,not_applicable,,original
synthetic,development_056_0_1,sim_056,3,1.0,albumin_percent,106.37036301447289,False,generated,clean,2,development_056_0_1,,x_unbound_cmax,percent_source_normalised,sim_chip_development_056_0_1,sim_sample_development_056_0_1,sim_run_development_056,,not_applicable,,original
synthetic,development_056_1_0,sim_056,3,3.1622776601683795,albumin_percent,118.00616409066839,False,generated,clean,3,development_056_1_0,,x_unbound_cmax,percent_source_normalised,sim_chip_development_056_1_0,sim_sample_development_056_1_0,sim_run_development_056,,not_applicable,,original
synthetic,development_056_1_1,sim_056,3,3.1622776601683795,albumin_percent,113.4863550444832,False,generated,clean,4,development_056_1_1,,x_unbound_cmax,percent_source_normalised,sim_chip_development_056_1_1,sim_sample_development_056_1_1,sim_run_development_056,,not_applicable,,original
synthetic,development_056_2_0,sim_056,3,10.0,albumin_percent,135.27157923105779,False,generated,clean,5,development_056_2_0,,x_unbound_cmax,percent_source_normalised,sim_chip_development_056_2_0,sim_sample_development_056_2_0,sim_run_development_056,,not_applicable,,original
synthetic,development_056_2_1,sim_056,3,10.0,albumin_percent,123.52993942755559,False,generated,clean,6,development_056_2_1,,x_unbound_cmax,percent_source_normalised,sim_chip_development_056_2_1,sim_sample_development_056_2_1,sim_run_development_056,,not_applicable,,original
synthetic,development_056_3_0,sim_056,3,31.622776601683793,albumin_percent,111.41686363456674,False,generated,clean,7,development_056_3_0,,x_unbound_cmax,percent_source_normalised,sim_chip_development_056_3_0,sim_sample_development_056_3_0,sim_run_development_056,,not_applicable,,original
synthetic,development_056_3_1,sim_056,3,31.622776601683793,albumin_percent,97.59161028293003,False,generated,clean,8,development_056_3_1,,x_unbound_cmax,percent_source_normalised,sim_chip_development_056_3_1,sim_sample_development_056_3_1,sim_run_development_056,,not_applicable,,original
synthetic,development_056_4_0,sim_056,3,100.0,albumin_percent,41.12874778272598,False,generated,clean,9,development_056_4_0,,x_unbound_cmax,percent_source_normalised,sim_chip_development_056_4_0,sim_sample_development_056_4_0,sim_run_development_056,,not_applicable,,original
synthetic,development_056_4_1,sim_056,3,100.0,albumin_percent,21.282399042005633,False,generated,clean,10,development_056_4_1,,x_unbound_cmax,percent_source_normalised,sim_chip_development_056_4_1,sim_sample_development_056_4_1,sim_run_development_056,,not_applicable,,original
synthetic,development_056_5_0,sim_056,3,316.22776601683796,albumin_percent,25.954686373407853,False,generated,clean,11,development_056_5_0,,x_unbound_cmax,percent_source_normalised,sim_chip_development_056_5_0,sim_sample_development_056_5_0,sim_run_development_056,,not_applicable,,original
synthetic,development_056_5_1,sim_056,3,316.22776601683796,albumin_percent,31.317260058735798,False,generated,clean,12,development_056_5_1,,x_unbound_cmax,percent_source_normalised,sim_chip_development_056_5_1,sim_sample_development_056_5_1,sim_run_development_056,,not_applicable,,original
synthetic,development_057_0_0,sim_057,3,1.0,albumin_percent,113.56963063430376,False,generated,random_missing,1,development_057_0_0,,x_unbound_cmax,percent_source_normalised,sim_chip_development_057_0_0,sim_sample_development_057_0_0,sim_run_development_057,,not_applicable,,original
synthetic,development_057_0_1,sim_057,3,1.0,albumin_percent,,True,generated,random_missing,2,development_057_0_1,,x_unbound_cmax,percent_source_normalised,sim_chip_development_057_0_1,sim_sample_development_057_0_1,sim_run_development_057,,not_applicable,random_missing,original
synthetic,development_057_1_0,sim_057,3,3.1622776601683795,albumin_percent,122.59743894850826,False,generated,random_missing,3,development_057_1_0,,x_unbound_cmax,percent_source_normalised,sim_chip_development_057_1_0,sim_sample_development_057_1_0,sim_run_development_057,,not_applicable,,original
synthetic,development_057_1_1,sim_057,3,3.1622776601683795,albumin_percent,108.69582059473305,False,generated,random_missing,4,development_057_1_1,,x_unbound_cmax,percent_source_normalised,sim_chip_development_057_1_1,sim_sample_development_057_1_1,sim_run_development_057,,not_applicable,,original
synthetic,development_057_2_0,sim_057,3,10.0,albumin_percent,94.42688973533137,False,generated,random_missing,5,development_057_2_0,,x_unbound_cmax,percent_source_normalised,sim_chip_development_057_2_0,sim_sample_development_057_2_0,sim_run_development_057,,not_applicable,,original
synthetic,development_057_2_1,sim_057,3,10.0,albumin_percent,101.13459747633767,False,generated,random_missing,6,development_057_2_1,,x_unbound_cmax,percent_source_normalised,sim_chip_development_057_2_1,sim_sample_development_057_2_1,sim_run_development_057,,not_applicable,,original
synthetic,development_057_3_0,sim_057,3,31.622776601683793,albumin_percent,11.63344529348307,False,generated,random_missing,7,development_057_3_0,,x_unbound_cmax,percent_source_normalised,sim_chip_development_057_3_0,sim_sample_development_057_3_0,sim_run_development_057,,not_applicable,,original
synthetic,development_057_3_1,sim_057,3,31.622776601683793,albumin_percent,,True,generated,random_missing,8,development_057_3_1,,x_unbound_cmax,percent_source_normalised,sim_chip_development_057_3_1,sim_sample_development_057_3_1,sim_run_development_057,,not_applicable,random_missing,original
synthetic,development_057_4_0,sim_057,3,100.0,albumin_percent,43.310646898861606,False,generated,random_missing,9,development_057_4_0,,x_unbound_cmax,percent_source_normalised,sim_chip_development_057_4_0,sim_sample_development_057_4_0,sim_run_development_057,,not_applicable,,original
synthetic,development_057_4_1,sim_057,3,100.0,albumin_percent,36.51799952054659,False,generated,random_missing,10,development_057_4_1,,x_unbound_cmax,percent_source_normalised,sim_chip_development_057_4_1,sim_sample_development_057_4_1,sim_run_development_057,,not_applicable,,original
synthetic,development_057_5_0,sim_057,3,316.22776601683796,albumin_percent,14.813625300085572,False,generated,random_missing,11,development_057_5_0,,x_unbound_cmax,percent_source_normalised,sim_chip_development_057_5_0,sim_sample_development_057_5_0,sim_run_development_057,,not_applicable,,original
synthetic,development_057_5_1,sim_057,3,316.22776601683796,albumin_percent,19.390877890908676,False,generated,random_missing,12,development_057_5_1,,x_unbound_cmax,percent_source_normalised,sim_chip_development_057_5_1,sim_sample_development_057_5_1,sim_run_development_057,,not_applicable,,original
synthetic,development_058_0_0,sim_058,3,1.0,albumin_percent,125.33742425105231,False,generated,response_dependent_missing,1,development_058_0_0,,x_unbound_cmax,percent_source_normalised,sim_chip_development_058_0_0,sim_sample_development_058_0_0,sim_run_development_058,,not_applicable,,original
synthetic,development_058_0_1,sim_058,3,1.0,albumin_percent,130.3404021343826,False,generated,response_dependent_missing,2,development_058_0_1,,x_unbound_cmax,percent_source_normalised,sim_chip_development_058_0_1,sim_sample_development_058_0_1,sim_run_development_058,,not_applicable,,original
synthetic,development_058_1_0,sim_058,3,3.1622776601683795,albumin_percent,141.3142607560468,False,generated,response_dependent_missing,3,development_058_1_0,,x_unbound_cmax,percent_source_normalised,sim_chip_development_058_1_0,sim_sample_development_058_1_0,sim_run_development_058,,not_applicable,,original
synthetic,development_058_1_1,sim_058,3,3.1622776601683795,albumin_percent,144.31694602816572,False,generated,response_dependent_missing,4,development_058_1_1,,x_unbound_cmax,percent_source_normalised,sim_chip_development_058_1_1,sim_sample_development_058_1_1,sim_run_development_058,,not_applicable,,original
synthetic,development_058_2_0,sim_058,3,10.0,albumin_percent,142.25069410111374,False,generated,response_dependent_missing,5,development_058_2_0,,x_unbound_cmax,percent_source_normalised,sim_chip_development_058_2_0,sim_sample_development_058_2_0,sim_run_development_058,,not_applicable,,original
synthetic,development_058_2_1,sim_058,3,10.0,albumin_percent,119.73152985041051,False,generated,response_dependent_missing,6,development_058_2_1,,x_unbound_cmax,percent_source_normalised,sim_chip_development_058_2_1,sim_sample_development_058_2_1,sim_run_development_058,,not_applicable,,original
synthetic,development_058_3_0,sim_058,3,31.622776601683793,albumin_percent,113.1646201241985,False,generated,response_dependent_missing,7,development_058_3_0,,x_unbound_cmax,percent_source_normalised,sim_chip_development_058_3_0,sim_sample_development_058_3_0,sim_run_development_058,,not_applicable,,original
synthetic,development_058_3_1,sim_058,3,31.622776601683793,albumin_percent,128.14854472413282,False,generated,response_dependent_missing,8,development_058_3_1,,x_unbound_cmax,percent_source_normalised,sim_chip_development_058_3_1,sim_sample_development_058_3_1,sim_run_development_058,,not_applicable,,original
synthetic,development_058_4_0,sim_058,3,100.0,albumin_percent,108.32836193408195,False,generated,response_dependent_missing,9,development_058_4_0,,x_unbound_cmax,percent_source_normalised,sim_chip_development_058_4_0,sim_sample_development_058_4_0,sim_run_development_058,,not_applicable,,original
synthetic,development_058_4_1,sim_058,3,100.0,albumin_percent,99.74453065050085,False,generated,response_dependent_missing,10,development_058_4_1,,x_unbound_cmax,percent_source_normalised,sim_chip_development_058_4_1,sim_sample_development_058_4_1,sim_run_development_058,,not_applicable,,original
synthetic,development_058_5_0,sim_058,3,316.22776601683796,albumin_percent,6.949229300655768,False,generated,response_dependent_missing,11,development_058_5_0,,x_unbound_cmax,percent_source_normalised,sim_chip_development_058_5_0,sim_sample_development_058_5_0,sim_run_development_058,,not_applicable,,original
synthetic,development_058_5_1,sim_058,3,316.22776601683796,albumin_percent,,True,generated,response_dependent_missing,12,development_058_5_1,,x_unbound_cmax,percent_source_normalised,sim_chip_development_058_5_1,sim_sample_development_058_5_1,sim_run_development_058,,not_applicable,response_dependent_missing,original
synthetic,development_059_0_0,sim_059,3,1.0,albumin_percent,132.39179184640435,False,generated,truncated_range,1,development_059_0_0,,x_unbound_cmax,percent_source_normalised,sim_chip_development_059_0_0,sim_sample_development_059_0_0,sim_run_development_059,,not_applicable,,original
synthetic,development_059_0_1,sim_059,3,1.0,albumin_percent,119.00976492183048,False,generated,truncated_range,2,development_059_0_1,,x_unbound_cmax,percent_source_normalised,sim_chip_development_059_0_1,sim_sample_development_059_0_1,sim_run_development_059,,not_applicable,,original
synthetic,development_059_1_0,sim_059,3,3.1622776601683795,albumin_percent,130.13635752502606,False,generated,truncated_range,3,development_059_1_0,,x_unbound_cmax,percent_source_normalised,sim_chip_development_059_1_0,sim_sample_development_059_1_0,sim_run_development_059,,not_applicable,,original
synthetic,development_059_1_1,sim_059,3,3.1622776601683795,albumin_percent,128.71822753181257,False,generated,truncated_range,4,development_059_1_1,,x_unbound_cmax,percent_source_normalised,sim_chip_development_059_1_1,sim_sample_development_059_1_1,sim_run_development_059,,not_applicable,,original
synthetic,development_059_2_0,sim_059,3,10.0,albumin_percent,115.889957443118,False,generated,truncated_range,5,development_059_2_0,,x_unbound_cmax,percent_source_normalised,sim_chip_development_059_2_0,sim_sample_development_059_2_0,sim_run_development_059,,not_applicable,,original
synthetic,development_059_2_1,sim_059,3,10.0,albumin_percent,106.58500263426124,False,generated,truncated_range,6,development_059_2_1,,x_unbound_cmax,percent_source_normalised,sim_chip_development_059_2_1,sim_sample_development_059_2_1,sim_run_development_059,,not_applicable,,original
synthetic,development_059_3_0,sim_059,3,31.622776601683793,albumin_percent,9.73900205877268,False,generated,truncated_range,7,development_059_3_0,,x_unbound_cmax,percent_source_normalised,sim_chip_development_059_3_0,sim_sample_development_059_3_0,sim_run_development_059,,not_applicable,,original
synthetic,development_059_3_1,sim_059,3,31.622776601683793,albumin_percent,11.849955333477608,False,generated,truncated_range,8,development_059_3_1,,x_unbound_cmax,percent_source_normalised,sim_chip_development_059_3_1,sim_sample_development_059_3_1,sim_run_development_059,,not_applicable,,original
synthetic,development_060_0_0,sim_060,3,1.0,albumin_percent,98.99206098358339,False,generated,singletons,1,development_060_0_0,,x_unbound_cmax,percent_source_normalised,sim_chip_development_060_0_0,sim_sample_development_060_0_0,sim_run_development_060,,not_applicable,,original
synthetic,development_060_1_0,sim_060,3,3.1622776601683795,albumin_percent,85.12043854648994,False,generated,singletons,2,development_060_1_0,,x_unbound_cmax,percent_source_normalised,sim_chip_development_060_1_0,sim_sample_development_060_1_0,sim_run_development_060,,not_applicable,,original
synthetic,development_060_2_0,sim_060,3,10.0,albumin_percent,35.98183901248596,False,generated,singletons,3,development_060_2_0,,x_unbound_cmax,percent_source_normalised,sim_chip_development_060_2_0,sim_sample_development_060_2_0,sim_run_development_060,,not_applicable,,original
synthetic,development_060_3_0,sim_060,3,31.622776601683793,albumin_percent,24.83287303265314,False,generated,singletons,4,development_060_3_0,,x_unbound_cmax,percent_source_normalised,sim_chip_development_060_3_0,sim_sample_development_060_3_0,sim_run_development_060,,not_applicable,,original
synthetic,development_060_4_0,sim_060,3,100.0,albumin_percent,26.112014474390833,False,generated,singletons,5,development_060_4_0,,x_unbound_cmax,percent_source_normalised,sim_chip_development_060_4_0,sim_sample_development_060_4_0,sim_run_development_060,,not_applicable,,original
synthetic,development_060_5_0,sim_060,3,316.22776601683796,albumin_percent,24.49324002247254,False,generated,singletons,6,development_060_5_0,,x_unbound_cmax,percent_source_normalised,sim_chip_development_060_5_0,sim_sample_development_060_5_0,sim_run_development_060,,not_applicable,,original
synthetic,development_061_0_0,sim_061,3,1.0,albumin_percent,96.14479874597298,False,generated,influential_reading,1,development_061_0_0,,x_unbound_cmax,percent_source_normalised,sim_chip_development_061_0_0,sim_sample_development_061_0_0,sim_run_development_061,,not_applicable,,original
synthetic,development_061_0_1,sim_061,3,1.0,albumin_percent,112.43216283889133,False,generated,influential_reading,2,development_061_0_1,,x_unbound_cmax,percent_source_normalised,sim_chip_development_061_0_1,sim_sample_development_061_0_1,sim_run_development_061,,not_applicable,,original
synthetic,development_061_1_0,sim_061,3,3.1622776601683795,albumin_percent,108.7919590077685,False,generated,influential_reading,3,development_061_1_0,,x_unbound_cmax,percent_source_normalised,sim_chip_development_061_1_0,sim_sample_development_061_1_0,sim_run_development_061,,not_applicable,,original
synthetic,development_061_1_1,sim_061,3,3.1622776601683795,albumin_percent,91.11056511447092,False,generated,influential_reading,4,development_061_1_1,,x_unbound_cmax,percent_source_normalised,sim_chip_development_061_1_1,sim_sample_development_061_1_1,sim_run_development_061,,not_applicable,,original
synthetic,development_061_2_0,sim_061,3,10.0,albumin_percent,45.870566433747776,False,generated,influential_reading,5,development_061_2_0,,x_unbound_cmax,percent_source_normalised,sim_chip_development_061_2_0,sim_sample_development_061_2_0,sim_run_development_061,,not_applicable,,original
synthetic,development_061_2_1,sim_061,3,10.0,albumin_percent,54.07998453852834,False,generated,influential_reading,6,development_061_2_1,,x_unbound_cmax,percent_source_normalised,sim_chip_development_061_2_1,sim_sample_development_061_2_1,sim_run_development_061,,not_applicable,,original
synthetic,development_061_3_0,sim_061,3,31.622776601683793,albumin_percent,137.19239809192567,False,generated,influential_reading,7,development_061_3_0,,x_unbound_cmax,percent_source_normalised,sim_chip_development_061_3_0,sim_sample_development_061_3_0,sim_run_development_061,,not_applicable,,original
synthetic,development_061_3_1,sim_061,3,31.622776601683793,albumin_percent,30.148260497529698,False,generated,influential_reading,8,development_061_3_1,,x_unbound_cmax,percent_source_normalised,sim_chip_development_061_3_1,sim_sample_development_061_3_1,sim_run_development_061,,not_applicable,,original
synthetic,development_061_4_0,sim_061,3,100.0,albumin_percent,35.44343456620693,False,generated,influential_reading,9,development_061_4_0,,x_unbound_cmax,percent_source_normalised,sim_chip_development_061_4_0,sim_sample_development_061_4_0,sim_run_development_061,,not_applicable,,original
synthetic,development_061_4_1,sim_061,3,100.0,albumin_percent,25.770554270493506,False,generated,influential_reading,10,development_061_4_1,,x_unbound_cmax,percent_source_normalised,sim_chip_development_061_4_1,sim_sample_development_061_4_1,sim_run_development_061,,not_applicable,,original
synthetic,development_061_5_0,sim_061,3,316.22776601683796,albumin_percent,8.030741421067653,False,generated,influential_reading,11,development_061_5_0,,x_unbound_cmax,percent_source_normalised,sim_chip_development_061_5_0,sim_sample_development_061_5_0,sim_run_development_061,,not_applicable,,original
synthetic,development_061_5_1,sim_061,3,316.22776601683796,albumin_percent,22.954428383434408,False,generated,influential_reading,12,development_061_5_1,,x_unbound_cmax,percent_source_normalised,sim_chip_development_061_5_1,sim_sample_development_061_5_1,sim_run_development_061,,not_applicable,,original
synthetic,development_062_0_0,sim_062,3,1.0,albumin_percent,86.83674658717558,False,generated,non_monotonic,1,development_062_0_0,,x_unbound_cmax,percent_source_normalised,sim_chip_development_062_0_0,sim_sample_development_062_0_0,sim_run_development_062,,not_applicable,,original
synthetic,development_062_0_1,sim_062,3,1.0,albumin_percent,93.40685186107628,False,generated,non_monotonic,2,development_062_0_1,,x_unbound_cmax,percent_source_normalised,sim_chip_development_062_0_1,sim_sample_development_062_0_1,sim_run_development_062,,not_applicable,,original
synthetic,development_062_1_0,sim_062,3,3.1622776601683795,albumin_percent,97.94431817624739,False,generated,non_monotonic,3,development_062_1_0,,x_unbound_cmax,percent_source_normalised,sim_chip_development_062_1_0,sim_sample_development_062_1_0,sim_run_development_062,,not_applicable,,original
synthetic,development_062_1_1,sim_062,3,3.1622776601683795,albumin_percent,96.44771483116858,False,generated,non_monotonic,4,development_062_1_1,,x_unbound_cmax,percent_source_normalised,sim_chip_development_062_1_1,sim_sample_development_062_1_1,sim_run_development_062,,not_applicable,,original
synthetic,development_062_2_0,sim_062,3,10.0,albumin_percent,29.706359557425326,False,generated,non_monotonic,5,development_062_2_0,,x_unbound_cmax,percent_source_normalised,sim_chip_development_062_2_0,sim_sample_development_062_2_0,sim_run_development_062,,not_applicable,,original
synthetic,development_062_2_1,sim_062,3,10.0,albumin_percent,23.453139295336907,False,generated,non_monotonic,6,development_062_2_1,,x_unbound_cmax,percent_source_normalised,sim_chip_development_062_2_1,sim_sample_development_062_2_1,sim_run_development_062,,not_applicable,,original
synthetic,development_062_3_0,sim_062,3,31.622776601683793,albumin_percent,3.938320261855271,False,generated,non_monotonic,7,development_062_3_0,,x_unbound_cmax,percent_source_normalised,sim_chip_development_062_3_0,sim_sample_development_062_3_0,sim_run_development_062,,not_applicable,,original
synthetic,development_062_3_1,sim_062,3,31.622776601683793,albumin_percent,36.333523477057554,False,generated,non_monotonic,8,development_062_3_1,,x_unbound_cmax,percent_source_normalised,sim_chip_development_062_3_1,sim_sample_development_062_3_1,sim_run_development_062,,not_applicable,,original
synthetic,development_062_4_0,sim_062,3,100.0,albumin_percent,54.72959756907723,False,generated,non_monotonic,9,development_062_4_0,,x_unbound_cmax,percent_source_normalised,sim_chip_development_062_4_0,sim_sample_development_062_4_0,sim_run_development_062,,not_applicable,,original
synthetic,development_062_4_1,sim_062,3,100.0,albumin_percent,64.09365023705492,False,generated,non_monotonic,10,development_062_4_1,,x_unbound_cmax,percent_source_normalised,sim_chip_development_062_4_1,sim_sample_development_062_4_1,sim_run_development_062,,not_applicable,,original
synthetic,development_062_5_0,sim_062,3,316.22776601683796,albumin_percent,11.383579509117798,False,generated,non_monotonic,11,development_062_5_0,,x_unbound_cmax,percent_source_normalised,sim_chip_development_062_5_0,sim_sample_development_062_5_0,sim_run_development_062,,not_applicable,,original
synthetic,development_062_5_1,sim_062,3,316.22776601683796,albumin_percent,8.588812125224225,False,generated,non_monotonic,12,development_062_5_1,,x_unbound_cmax,percent_source_normalised,sim_chip_development_062_5_1,sim_sample_development_062_5_1,sim_run_development_062,,not_applicable,,original
synthetic,development_063_0_0,sim_063,3,1.0,albumin_percent,115.90730021798979,False,generated,run_shift,1,development_063_0_0,,x_unbound_cmax,percent_source_normalised,sim_chip_development_063_0_0,sim_sample_development_063_0_0,sim_run_development_063,,not_applicable,,original
synthetic,development_063_0_1,sim_063,3,1.0,albumin_percent,121.95821778793959,False,generated,run_shift,2,development_063_0_1,,x_unbound_cmax,percent_source_normalised,sim_chip_development_063_0_1,sim_sample_development_063_0_1,sim_run_development_063,,not_applicable,,original
synthetic,development_063_1_0,sim_063,3,3.1622776601683795,albumin_percent,121.48852108286417,False,generated,run_shift,3,development_063_1_0,,x_unbound_cmax,percent_source_normalised,sim_chip_development_063_1_0,sim_sample_development_063_1_0,sim_run_development_063,,not_applicable,,original
synthetic,development_063_1_1,sim_063,3,3.1622776601683795,albumin_percent,127.54007716997819,False,generated,run_shift,4,development_063_1_1,,x_unbound_cmax,percent_source_normalised,sim_chip_development_063_1_1,sim_sample_development_063_1_1,sim_run_development_063,,not_applicable,,original
synthetic,development_063_2_0,sim_063,3,10.0,albumin_percent,103.07589000578183,False,generated,run_shift,5,development_063_2_0,,x_unbound_cmax,percent_source_normalised,sim_chip_development_063_2_0,sim_sample_development_063_2_0,sim_run_development_063,,not_applicable,,original
synthetic,development_063_2_1,sim_063,3,10.0,albumin_percent,94.44989784803222,False,generated,run_shift,6,development_063_2_1,,x_unbound_cmax,percent_source_normalised,sim_chip_development_063_2_1,sim_sample_development_063_2_1,sim_run_development_063,,not_applicable,,original
synthetic,development_063_3_0,sim_063,3,31.622776601683793,albumin_percent,109.95933084909099,False,generated,run_shift,7,development_063_3_0,,x_unbound_cmax,percent_source_normalised,sim_chip_development_063_3_0,sim_sample_development_063_3_0,sim_run_development_063,,not_applicable,,original
synthetic,development_063_3_1,sim_063,3,31.622776601683793,albumin_percent,98.3163601038213,False,generated,run_shift,8,development_063_3_1,,x_unbound_cmax,percent_source_normalised,sim_chip_development_063_3_1,sim_sample_development_063_3_1,sim_run_development_063,,not_applicable,,original
synthetic,development_063_4_0,sim_063,3,100.0,albumin_percent,78.88115833852572,False,generated,run_shift,9,development_063_4_0,,x_unbound_cmax,percent_source_normalised,sim_chip_development_063_4_0,sim_sample_development_063_4_0,sim_run_development_063,,not_applicable,,original
synthetic,development_063_4_1,sim_063,3,100.0,albumin_percent,77.91137366665747,False,generated,run_shift,10,development_063_4_1,,x_unbound_cmax,percent_source_normalised,sim_chip_development_063_4_1,sim_sample_development_063_4_1,sim_run_development_063,,not_applicable,,original
synthetic,development_063_5_0,sim_063,3,316.22776601683796,albumin_percent,25.93726002446598,False,generated,run_shift,11,development_063_5_0,,x_unbound_cmax,percent_source_normalised,sim_chip_development_063_5_0,sim_sample_development_063_5_0,sim_run_development_063,,not_applicable,,original
synthetic,development_063_5_1,sim_063,3,316.22776601683796,albumin_percent,35.759995614171615,False,generated,run_shift,12,development_063_5_1,,x_unbound_cmax,percent_source_normalised,sim_chip_development_063_5_1,sim_sample_development_063_5_1,sim_run_development_063,,not_applicable,,original
synthetic,development_064_0_0,sim_064,3,1.0,albumin_percent,111.6509577094903,False,generated,clean,1,development_064_0_0,,x_unbound_cmax,percent_source_normalised,sim_chip_development_064_0_0,sim_sample_development_064_0_0,sim_run_development_064,,not_applicable,,original
synthetic,development_064_0_1,sim_064,3,1.0,albumin_percent,112.06839690795408,False,generated,clean,2,development_064_0_1,,x_unbound_cmax,percent_source_normalised,sim_chip_development_064_0_1,sim_sample_development_064_0_1,sim_run_development_064,,not_applicable,,original
synthetic,development_064_1_0,sim_064,3,3.1622776601683795,albumin_percent,119.86588881069436,False,generated,clean,3,development_064_1_0,,x_unbound_cmax,percent_source_normalised,sim_chip_development_064_1_0,sim_sample_development_064_1_0,sim_run_development_064,,not_applicable,,original
synthetic,development_064_1_1,sim_064,3,3.1622776601683795,albumin_percent,92.06027279931517,False,generated,clean,4,development_064_1_1,,x_unbound_cmax,percent_source_normalised,sim_chip_development_064_1_1,sim_sample_development_064_1_1,sim_run_development_064,,not_applicable,,original
synthetic,development_064_2_0,sim_064,3,10.0,albumin_percent,126.4152249594619,False,generated,clean,5,development_064_2_0,,x_unbound_cmax,percent_source_normalised,sim_chip_development_064_2_0,sim_sample_development_064_2_0,sim_run_development_064,,not_applicable,,original
synthetic,development_064_2_1,sim_064,3,10.0,albumin_percent,106.45749120236172,False,generated,clean,6,development_064_2_1,,x_unbound_cmax,percent_source_normalised,sim_chip_development_064_2_1,sim_sample_development_064_2_1,sim_run_development_064,,not_applicable,,original
synthetic,development_064_3_0,sim_064,3,31.622776601683793,albumin_percent,81.99460092007348,False,generated,clean,7,development_064_3_0,,x_unbound_cmax,percent_source_normalised,sim_chip_development_064_3_0,sim_sample_development_064_3_0,sim_run_development_064,,not_applicable,,original
synthetic,development_064_3_1,sim_064,3,31.622776601683793,albumin_percent,77.24484925972106,False,generated,clean,8,development_064_3_1,,x_unbound_cmax,percent_source_normalised,sim_chip_development_064_3_1,sim_sample_development_064_3_1,sim_run_development_064,,not_applicable,,original
synthetic,development_064_4_0,sim_064,3,100.0,albumin_percent,29.337926854076247,False,generated,clean,9,development_064_4_0,,x_unbound_cmax,percent_source_normalised,sim_chip_development_064_4_0,sim_sample_development_064_4_0,sim_run_development_064,,not_applicable,,original
synthetic,development_064_4_1,sim_064,3,100.0,albumin_percent,36.20702985986705,False,generated,clean,10,development_064_4_1,,x_unbound_cmax,percent_source_normalised,sim_chip_development_064_4_1,sim_sample_development_064_4_1,sim_run_development_064,,not_applicable,,original
synthetic,development_064_5_0,sim_064,3,316.22776601683796,albumin_percent,25.117109688623096,False,generated,clean,11,development_064_5_0,,x_unbound_cmax,percent_source_normalised,sim_chip_development_064_5_0,sim_sample_development_064_5_0,sim_run_development_064,,not_applicable,,original
synthetic,development_064_5_1,sim_064,3,316.22776601683796,albumin_percent,12.320982365048316,False,generated,clean,12,development_064_5_1,,x_unbound_cmax,percent_source_normalised,sim_chip_development_064_5_1,sim_sample_development_064_5_1,sim_run_development_064,,not_applicable,,original
synthetic,development_065_0_0,sim_065,3,1.0,albumin_percent,112.1891548222966,False,generated,random_missing,1,development_065_0_0,,x_unbound_cmax,percent_source_normalised,sim_chip_development_065_0_0,sim_sample_development_065_0_0,sim_run_development_065,,not_applicable,,original
synthetic,development_065_0_1,sim_065,3,1.0,albumin_percent,105.848614437142,False,generated,random_missing,2,development_065_0_1,,x_unbound_cmax,percent_source_normalised,sim_chip_development_065_0_1,sim_sample_development_065_0_1,sim_run_development_065,,not_applicable,,original
synthetic,development_065_1_0,sim_065,3,3.1622776601683795,albumin_percent,113.43277067653464,False,generated,random_missing,3,development_065_1_0,,x_unbound_cmax,percent_source_normalised,sim_chip_development_065_1_0,sim_sample_development_065_1_0,sim_run_development_065,,not_applicable,,original
synthetic,development_065_1_1,sim_065,3,3.1622776601683795,albumin_percent,100.76625892009561,False,generated,random_missing,4,development_065_1_1,,x_unbound_cmax,percent_source_normalised,sim_chip_development_065_1_1,sim_sample_development_065_1_1,sim_run_development_065,,not_applicable,,original
synthetic,development_065_2_0,sim_065,3,10.0,albumin_percent,117.24768175293754,False,generated,random_missing,5,development_065_2_0,,x_unbound_cmax,percent_source_normalised,sim_chip_development_065_2_0,sim_sample_development_065_2_0,sim_run_development_065,,not_applicable,,original
synthetic,development_065_2_1,sim_065,3,10.0,albumin_percent,115.54820141135843,False,generated,random_missing,6,development_065_2_1,,x_unbound_cmax,percent_source_normalised,sim_chip_development_065_2_1,sim_sample_development_065_2_1,sim_run_development_065,,not_applicable,,original
synthetic,development_065_3_0,sim_065,3,31.622776601683793,albumin_percent,110.48586170217165,False,generated,random_missing,7,development_065_3_0,,x_unbound_cmax,percent_source_normalised,sim_chip_development_065_3_0,sim_sample_development_065_3_0,sim_run_development_065,,not_applicable,,original
synthetic,development_065_3_1,sim_065,3,31.622776601683793,albumin_percent,,True,generated,random_missing,8,development_065_3_1,,x_unbound_cmax,percent_source_normalised,sim_chip_development_065_3_1,sim_sample_development_065_3_1,sim_run_development_065,,not_applicable,random_missing,original
synthetic,development_065_4_0,sim_065,3,100.0,albumin_percent,94.30761335893328,False,generated,random_missing,9,development_065_4_0,,x_unbound_cmax,percent_source_normalised,sim_chip_development_065_4_0,sim_sample_development_065_4_0,sim_run_development_065,,not_applicable,,original
synthetic,development_065_4_1,sim_065,3,100.0,albumin_percent,,True,generated,random_missing,10,development_065_4_1,,x_unbound_cmax,percent_source_normalised,sim_chip_development_065_4_1,sim_sample_development_065_4_1,sim_run_development_065,,not_applicable,random_missing,original
synthetic,development_065_5_0,sim_065,3,316.22776601683796,albumin_percent,39.19392097461726,False,generated,random_missing,11,development_065_5_0,,x_unbound_cmax,percent_source_normalised,sim_chip_development_065_5_0,sim_sample_development_065_5_0,sim_run_development_065,,not_applicable,,original
synthetic,development_065_5_1,sim_065,3,316.22776601683796,albumin_percent,25.312748979207864,False,generated,random_missing,12,development_065_5_1,,x_unbound_cmax,percent_source_normalised,sim_chip_development_065_5_1,sim_sample_development_065_5_1,sim_run_development_065,,not_applicable,,original
synthetic,development_066_0_0,sim_066,3,1.0,albumin_percent,96.4303562945251,False,generated,response_dependent_missing,1,development_066_0_0,,x_unbound_cmax,percent_source_normalised,sim_chip_development_066_0_0,sim_sample_development_066_0_0,sim_run_development_066,,not_applicable,,original
synthetic,development_066_0_1,sim_066,3,1.0,albumin_percent,96.85624114435059,False,generated,response_dependent_missing,2,development_066_0_1,,x_unbound_cmax,percent_source_normalised,sim_chip_development_066_0_1,sim_sample_development_066_0_1,sim_run_development_066,,not_applicable,,original
synthetic,development_066_1_0,sim_066,3,3.1622776601683795,albumin_percent,102.89091268667397,False,generated,response_dependent_missing,3,development_066_1_0,,x_unbound_cmax,percent_source_normalised,sim_chip_development_066_1_0,sim_sample_development_066_1_0,sim_run_development_066,,not_applicable,,original
synthetic,development_066_1_1,sim_066,3,3.1622776601683795,albumin_percent,98.5531334621013,False,generated,response_dependent_missing,4,development_066_1_1,,x_unbound_cmax,percent_source_normalised,sim_chip_development_066_1_1,sim_sample_development_066_1_1,sim_run_development_066,,not_applicable,,original
synthetic,development_066_2_0,sim_066,3,10.0,albumin_percent,58.94285485468671,False,generated,response_dependent_missing,5,development_066_2_0,,x_unbound_cmax,percent_source_normalised,sim_chip_development_066_2_0,sim_sample_development_066_2_0,sim_run_development_066,,not_applicable,,original
synthetic,development_066_2_1,sim_066,3,10.0,albumin_percent,61.18077231117328,False,generated,response_dependent_missing,6,development_066_2_1,,x_unbound_cmax,percent_source_normalised,sim_chip_development_066_2_1,sim_sample_development_066_2_1,sim_run_development_066,,not_applicable,,original
synthetic,development_066_3_0,sim_066,3,31.622776601683793,albumin_percent,20.525076161674622,False,generated,response_dependent_missing,7,development_066_3_0,,x_unbound_cmax,percent_source_normalised,sim_chip_development_066_3_0,sim_sample_development_066_3_0,sim_run_development_066,,not_applicable,,original
synthetic,development_066_3_1,sim_066,3,31.622776601683793,albumin_percent,,True,generated,response_dependent_missing,8,development_066_3_1,,x_unbound_cmax,percent_source_normalised,sim_chip_development_066_3_1,sim_sample_development_066_3_1,sim_run_development_066,,not_applicable,response_dependent_missing,original
synthetic,development_066_4_0,sim_066,3,100.0,albumin_percent,,True,generated,response_dependent_missing,9,development_066_4_0,,x_unbound_cmax,percent_source_normalised,sim_chip_development_066_4_0,sim_sample_development_066_4_0,sim_run_development_066,,not_applicable,response_dependent_missing,original
synthetic,development_066_4_1,sim_066,3,100.0,albumin_percent,31.164969686847453,False,generated,response_dependent_missing,10,development_066_4_1,,x_unbound_cmax,percent_source_normalised,sim_chip_development_066_4_1,sim_sample_development_066_4_1,sim_run_development_066,,not_applicable,,original
synthetic,development_066_5_0,sim_066,3,316.22776601683796,albumin_percent,3.754447950956898,False,generated,response_dependent_missing,11,development_066_5_0,,x_unbound_cmax,percent_source_normalised,sim_chip_development_066_5_0,sim_sample_development_066_5_0,sim_run_development_066,,not_applicable,,original
synthetic,development_066_5_1,sim_066,3,316.22776601683796,albumin_percent,20.458740941024406,False,generated,response_dependent_missing,12,development_066_5_1,,x_unbound_cmax,percent_source_normalised,sim_chip_development_066_5_1,sim_sample_development_066_5_1,sim_run_development_066,,not_applicable,,original
synthetic,development_067_0_0,sim_067,3,1.0,albumin_percent,125.61686111013033,False,generated,truncated_range,1,development_067_0_0,,x_unbound_cmax,percent_source_normalised,sim_chip_development_067_0_0,sim_sample_development_067_0_0,sim_run_development_067,,not_applicable,,original
synthetic,development_067_0_1,sim_067,3,1.0,albumin_percent,130.6281309597196,False,generated,truncated_range,2,development_067_0_1,,x_unbound_cmax,percent_source_normalised,sim_chip_development_067_0_1,sim_sample_development_067_0_1,sim_run_development_067,,not_applicable,,original
synthetic,development_067_1_0,sim_067,3,3.1622776601683795,albumin_percent,115.59055431920714,False,generated,truncated_range,3,development_067_1_0,,x_unbound_cmax,percent_source_normalised,sim_chip_development_067_1_0,sim_sample_development_067_1_0,sim_run_development_067,,not_applicable,,original
synthetic,development_067_1_1,sim_067,3,3.1622776601683795,albumin_percent,120.31629941306409,False,generated,truncated_range,4,development_067_1_1,,x_unbound_cmax,percent_source_normalised,sim_chip_development_067_1_1,sim_sample_development_067_1_1,sim_run_development_067,,not_applicable,,original
synthetic,development_067_2_0,sim_067,3,10.0,albumin_percent,116.79232636979589,False,generated,truncated_range,5,development_067_2_0,,x_unbound_cmax,percent_source_normalised,sim_chip_development_067_2_0,sim_sample_development_067_2_0,sim_run_development_067,,not_applicable,,original
synthetic,development_067_2_1,sim_067,3,10.0,albumin_percent,104.10572547131542,False,generated,truncated_range,6,development_067_2_1,,x_unbound_cmax,percent_source_normalised,sim_chip_development_067_2_1,sim_sample_development_067_2_1,sim_run_development_067,,not_applicable,,original
synthetic,development_067_3_0,sim_067,3,31.622776601683793,albumin_percent,83.55138280785495,False,generated,truncated_range,7,development_067_3_0,,x_unbound_cmax,percent_source_normalised,sim_chip_development_067_3_0,sim_sample_development_067_3_0,sim_run_development_067,,not_applicable,,original
synthetic,development_067_3_1,sim_067,3,31.622776601683793,albumin_percent,86.89425541914639,False,generated,truncated_range,8,development_067_3_1,,x_unbound_cmax,percent_source_normalised,sim_chip_development_067_3_1,sim_sample_development_067_3_1,sim_run_development_067,,not_applicable,,original
synthetic,development_068_0_0,sim_068,3,1.0,albumin_percent,136.89005667982076,False,generated,singletons,1,development_068_0_0,,x_unbound_cmax,percent_source_normalised,sim_chip_development_068_0_0,sim_sample_development_068_0_0,sim_run_development_068,,not_applicable,,original
synthetic,development_068_1_0,sim_068,3,3.1622776601683795,albumin_percent,106.12981345940868,False,generated,singletons,2,development_068_1_0,,x_unbound_cmax,percent_source_normalised,sim_chip_development_068_1_0,sim_sample_development_068_1_0,sim_run_development_068,,not_applicable,,original
synthetic,development_068_2_0,sim_068,3,10.0,albumin_percent,84.93878761216978,False,generated,singletons,3,development_068_2_0,,x_unbound_cmax,percent_source_normalised,sim_chip_development_068_2_0,sim_sample_development_068_2_0,sim_run_development_068,,not_applicable,,original
synthetic,development_068_3_0,sim_068,3,31.622776601683793,albumin_percent,52.99869540566738,False,generated,singletons,4,development_068_3_0,,x_unbound_cmax,percent_source_normalised,sim_chip_development_068_3_0,sim_sample_development_068_3_0,sim_run_development_068,,not_applicable,,original
synthetic,development_068_4_0,sim_068,3,100.0,albumin_percent,27.69774336053192,False,generated,singletons,5,development_068_4_0,,x_unbound_cmax,percent_source_normalised,sim_chip_development_068_4_0,sim_sample_development_068_4_0,sim_run_development_068,,not_applicable,,original
synthetic,development_068_5_0,sim_068,3,316.22776601683796,albumin_percent,14.269188790642167,False,generated,singletons,6,development_068_5_0,,x_unbound_cmax,percent_source_normalised,sim_chip_development_068_5_0,sim_sample_development_068_5_0,sim_run_development_068,,not_applicable,,original
synthetic,development_069_0_0,sim_069,3,1.0,albumin_percent,105.42104255649846,False,generated,influential_reading,1,development_069_0_0,,x_unbound_cmax,percent_source_normalised,sim_chip_development_069_0_0,sim_sample_development_069_0_0,sim_run_development_069,,not_applicable,,original
synthetic,development_069_0_1,sim_069,3,1.0,albumin_percent,114.83833838124742,False,generated,influential_reading,2,development_069_0_1,,x_unbound_cmax,percent_source_normalised,sim_chip_development_069_0_1,sim_sample_development_069_0_1,sim_run_development_069,,not_applicable,,original
synthetic,development_069_1_0,sim_069,3,3.1622776601683795,albumin_percent,84.09535769911423,False,generated,influential_reading,3,development_069_1_0,,x_unbound_cmax,percent_source_normalised,sim_chip_development_069_1_0,sim_sample_development_069_1_0,sim_run_development_069,,not_applicable,,original
synthetic,development_069_1_1,sim_069,3,3.1622776601683795,albumin_percent,96.54146676882952,False,generated,influential_reading,4,development_069_1_1,,x_unbound_cmax,percent_source_normalised,sim_chip_development_069_1_1,sim_sample_development_069_1_1,sim_run_development_069,,not_applicable,,original
synthetic,development_069_2_0,sim_069,3,10.0,albumin_percent,81.11010915340977,False,generated,influential_reading,5,development_069_2_0,,x_unbound_cmax,percent_source_normalised,sim_chip_development_069_2_0,sim_sample_development_069_2_0,sim_run_development_069,,not_applicable,,original
synthetic,development_069_2_1,sim_069,3,10.0,albumin_percent,73.32276261170219,False,generated,influential_reading,6,development_069_2_1,,x_unbound_cmax,percent_source_normalised,sim_chip_development_069_2_1,sim_sample_development_069_2_1,sim_run_development_069,,not_applicable,,original
synthetic,development_069_3_0,sim_069,3,31.622776601683793,albumin_percent,137.83287031268793,False,generated,influential_reading,7,development_069_3_0,,x_unbound_cmax,percent_source_normalised,sim_chip_development_069_3_0,sim_sample_development_069_3_0,sim_run_development_069,,not_applicable,,original
synthetic,development_069_3_1,sim_069,3,31.622776601683793,albumin_percent,45.68950805438876,False,generated,influential_reading,8,development_069_3_1,,x_unbound_cmax,percent_source_normalised,sim_chip_development_069_3_1,sim_sample_development_069_3_1,sim_run_development_069,,not_applicable,,original
synthetic,development_069_4_0,sim_069,3,100.0,albumin_percent,20.500499711212417,False,generated,influential_reading,9,development_069_4_0,,x_unbound_cmax,percent_source_normalised,sim_chip_development_069_4_0,sim_sample_development_069_4_0,sim_run_development_069,,not_applicable,,original
synthetic,development_069_4_1,sim_069,3,100.0,albumin_percent,39.88325135978916,False,generated,influential_reading,10,development_069_4_1,,x_unbound_cmax,percent_source_normalised,sim_chip_development_069_4_1,sim_sample_development_069_4_1,sim_run_development_069,,not_applicable,,original
synthetic,development_069_5_0,sim_069,3,316.22776601683796,albumin_percent,22.81238273694712,False,generated,influential_reading,11,development_069_5_0,,x_unbound_cmax,percent_source_normalised,sim_chip_development_069_5_0,sim_sample_development_069_5_0,sim_run_development_069,,not_applicable,,original
synthetic,development_069_5_1,sim_069,3,316.22776601683796,albumin_percent,29.416062213211205,False,generated,influential_reading,12,development_069_5_1,,x_unbound_cmax,percent_source_normalised,sim_chip_development_069_5_1,sim_sample_development_069_5_1,sim_run_development_069,,not_applicable,,original
synthetic,development_070_0_0,sim_070,3,1.0,albumin_percent,83.26339335991428,False,generated,non_monotonic,1,development_070_0_0,,x_unbound_cmax,percent_source_normalised,sim_chip_development_070_0_0,sim_sample_development_070_0_0,sim_run_development_070,,not_applicable,,original
synthetic,development_070_0_1,sim_070,3,1.0,albumin_percent,83.36055099123261,False,generated,non_monotonic,2,development_070_0_1,,x_unbound_cmax,percent_source_normalised,sim_chip_development_070_0_1,sim_sample_development_070_0_1,sim_run_development_070,,not_applicable,,original
synthetic,development_070_1_0,sim_070,3,3.1622776601683795,albumin_percent,76.43977719601317,False,generated,non_monotonic,3,development_070_1_0,,x_unbound_cmax,percent_source_normalised,sim_chip_development_070_1_0,sim_sample_development_070_1_0,sim_run_development_070,,not_applicable,,original
synthetic,development_070_1_1,sim_070,3,3.1622776601683795,albumin_percent,78.8613582326594,False,generated,non_monotonic,4,development_070_1_1,,x_unbound_cmax,percent_source_normalised,sim_chip_development_070_1_1,sim_sample_development_070_1_1,sim_run_development_070,,not_applicable,,original
synthetic,development_070_2_0,sim_070,3,10.0,albumin_percent,39.83049752380242,False,generated,non_monotonic,5,development_070_2_0,,x_unbound_cmax,percent_source_normalised,sim_chip_development_070_2_0,sim_sample_development_070_2_0,sim_run_development_070,,not_applicable,,original
synthetic,development_070_2_1,sim_070,3,10.0,albumin_percent,46.36735862658183,False,generated,non_monotonic,6,development_070_2_1,,x_unbound_cmax,percent_source_normalised,sim_chip_development_070_2_1,sim_sample_development_070_2_1,sim_run_development_070,,not_applicable,,original
synthetic,development_070_3_0,sim_070,3,31.622776601683793,albumin_percent,44.58300800853177,False,generated,non_monotonic,7,development_070_3_0,,x_unbound_cmax,percent_source_normalised,sim_chip_development_070_3_0,sim_sample_development_070_3_0,sim_run_development_070,,not_applicable,,original
synthetic,development_070_3_1,sim_070,3,31.622776601683793,albumin_percent,21.962149773320213,False,generated,non_monotonic,8,development_070_3_1,,x_unbound_cmax,percent_source_normalised,sim_chip_development_070_3_1,sim_sample_development_070_3_1,sim_run_development_070,,not_applicable,,original
synthetic,development_070_4_0,sim_070,3,100.0,albumin_percent,59.03590351559336,False,generated,non_monotonic,9,development_070_4_0,,x_unbound_cmax,percent_source_normalised,sim_chip_development_070_4_0,sim_sample_development_070_4_0,sim_run_development_070,,not_applicable,,original
synthetic,development_070_4_1,sim_070,3,100.0,albumin_percent,65.37935546264309,False,generated,non_monotonic,10,development_070_4_1,,x_unbound_cmax,percent_source_normalised,sim_chip_development_070_4_1,sim_sample_development_070_4_1,sim_run_development_070,,not_applicable,,original
synthetic,development_070_5_0,sim_070,3,316.22776601683796,albumin_percent,11.325208426173797,False,generated,non_monotonic,11,development_070_5_0,,x_unbound_cmax,percent_source_normalised,sim_chip_development_070_5_0,sim_sample_development_070_5_0,sim_run_development_070,,not_applicable,,original
synthetic,development_070_5_1,sim_070,3,316.22776601683796,albumin_percent,19.58353155778861,False,generated,non_monotonic,12,development_070_5_1,,x_unbound_cmax,percent_source_normalised,sim_chip_development_070_5_1,sim_sample_development_070_5_1,sim_run_development_070,,not_applicable,,original
synthetic,development_071_0_0,sim_071,3,1.0,albumin_percent,120.38421722685628,False,generated,run_shift,1,development_071_0_0,,x_unbound_cmax,percent_source_normalised,sim_chip_development_071_0_0,sim_sample_development_071_0_0,sim_run_development_071,,not_applicable,,original
synthetic,development_071_0_1,sim_071,3,1.0,albumin_percent,105.86520329986574,False,generated,run_shift,2,development_071_0_1,,x_unbound_cmax,percent_source_normalised,sim_chip_development_071_0_1,sim_sample_development_071_0_1,sim_run_development_071,,not_applicable,,original
synthetic,development_071_1_0,sim_071,3,3.1622776601683795,albumin_percent,106.60509216893311,False,generated,run_shift,3,development_071_1_0,,x_unbound_cmax,percent_source_normalised,sim_chip_development_071_1_0,sim_sample_development_071_1_0,sim_run_development_071,,not_applicable,,original
synthetic,development_071_1_1,sim_071,3,3.1622776601683795,albumin_percent,90.74482236744316,False,generated,run_shift,4,development_071_1_1,,x_unbound_cmax,percent_source_normalised,sim_chip_development_071_1_1,sim_sample_development_071_1_1,sim_run_development_071,,not_applicable,,original
synthetic,development_071_2_0,sim_071,3,10.0,albumin_percent,78.38595537250268,False,generated,run_shift,5,development_071_2_0,,x_unbound_cmax,percent_source_normalised,sim_chip_development_071_2_0,sim_sample_development_071_2_0,sim_run_development_071,,not_applicable,,original
synthetic,development_071_2_1,sim_071,3,10.0,albumin_percent,64.25334628683571,False,generated,run_shift,6,development_071_2_1,,x_unbound_cmax,percent_source_normalised,sim_chip_development_071_2_1,sim_sample_development_071_2_1,sim_run_development_071,,not_applicable,,original
synthetic,development_071_3_0,sim_071,3,31.622776601683793,albumin_percent,47.413325331120966,False,generated,run_shift,7,development_071_3_0,,x_unbound_cmax,percent_source_normalised,sim_chip_development_071_3_0,sim_sample_development_071_3_0,sim_run_development_071,,not_applicable,,original
synthetic,development_071_3_1,sim_071,3,31.622776601683793,albumin_percent,36.042057165974775,False,generated,run_shift,8,development_071_3_1,,x_unbound_cmax,percent_source_normalised,sim_chip_development_071_3_1,sim_sample_development_071_3_1,sim_run_development_071,,not_applicable,,original
synthetic,development_071_4_0,sim_071,3,100.0,albumin_percent,24.879912882311295,False,generated,run_shift,9,development_071_4_0,,x_unbound_cmax,percent_source_normalised,sim_chip_development_071_4_0,sim_sample_development_071_4_0,sim_run_development_071,,not_applicable,,original
synthetic,development_071_4_1,sim_071,3,100.0,albumin_percent,29.37975195611528,False,generated,run_shift,10,development_071_4_1,,x_unbound_cmax,percent_source_normalised,sim_chip_development_071_4_1,sim_sample_development_071_4_1,sim_run_development_071,,not_applicable,,original
synthetic,development_071_5_0,sim_071,3,316.22776601683796,albumin_percent,4.239786582062859,False,generated,run_shift,11,development_071_5_0,,x_unbound_cmax,percent_source_normalised,sim_chip_development_071_5_0,sim_sample_development_071_5_0,sim_run_development_071,,not_applicable,,original
synthetic,development_071_5_1,sim_071,3,316.22776601683796,albumin_percent,16.518342590279392,False,generated,run_shift,12,development_071_5_1,,x_unbound_cmax,percent_source_normalised,sim_chip_development_071_5_1,sim_sample_development_071_5_1,sim_run_development_071,,not_applicable,,original
synthetic,development_072_0_0,sim_072,3,1.0,albumin_percent,117.61464840367894,False,generated,clean,1,development_072_0_0,,x_unbound_cmax,percent_source_normalised,sim_chip_development_072_0_0,sim_sample_development_072_0_0,sim_run_development_072,,not_applicable,,original
synthetic,development_072_0_1,sim_072,3,1.0,albumin_percent,106.76832846247022,False,generated,clean,2,development_072_0_1,,x_unbound_cmax,percent_source_normalised,sim_chip_development_072_0_1,sim_sample_development_072_0_1,sim_run_development_072,,not_applicable,,original
synthetic,development_072_1_0,sim_072,3,3.1622776601683795,albumin_percent,122.44516615213644,False,generated,clean,3,development_072_1_0,,x_unbound_cmax,percent_source_normalised,sim_chip_development_072_1_0,sim_sample_development_072_1_0,sim_run_development_072,,not_applicable,,original
synthetic,development_072_1_1,sim_072,3,3.1622776601683795,albumin_percent,109.47074640539034,False,generated,clean,4,development_072_1_1,,x_unbound_cmax,percent_source_normalised,sim_chip_development_072_1_1,sim_sample_development_072_1_1,sim_run_development_072,,not_applicable,,original
synthetic,development_072_2_0,sim_072,3,10.0,albumin_percent,104.26108124154032,False,generated,clean,5,development_072_2_0,,x_unbound_cmax,percent_source_normalised,sim_chip_development_072_2_0,sim_sample_development_072_2_0,sim_run_development_072,,not_applicable,,original
synthetic,development_072_2_1,sim_072,3,10.0,albumin_percent,103.04839378815777,False,generated,clean,6,development_072_2_1,,x_unbound_cmax,percent_source_normalised,sim_chip_development_072_2_1,sim_sample_development_072_2_1,sim_run_development_072,,not_applicable,,original
synthetic,development_072_3_0,sim_072,3,31.622776601683793,albumin_percent,123.16614956526206,False,generated,clean,7,development_072_3_0,,x_unbound_cmax,percent_source_normalised,sim_chip_development_072_3_0,sim_sample_development_072_3_0,sim_run_development_072,,not_applicable,,original
synthetic,development_072_3_1,sim_072,3,31.622776601683793,albumin_percent,111.22428312333074,False,generated,clean,8,development_072_3_1,,x_unbound_cmax,percent_source_normalised,sim_chip_development_072_3_1,sim_sample_development_072_3_1,sim_run_development_072,,not_applicable,,original
synthetic,development_072_4_0,sim_072,3,100.0,albumin_percent,20.63158328737,False,generated,clean,9,development_072_4_0,,x_unbound_cmax,percent_source_normalised,sim_chip_development_072_4_0,sim_sample_development_072_4_0,sim_run_development_072,,not_applicable,,original
synthetic,development_072_4_1,sim_072,3,100.0,albumin_percent,38.00926785557425,False,generated,clean,10,development_072_4_1,,x_unbound_cmax,percent_source_normalised,sim_chip_development_072_4_1,sim_sample_development_072_4_1,sim_run_development_072,,not_applicable,,original
synthetic,development_072_5_0,sim_072,3,316.22776601683796,albumin_percent,-2.3807118995011134,False,generated,clean,11,development_072_5_0,,x_unbound_cmax,percent_source_normalised,sim_chip_development_072_5_0,sim_sample_development_072_5_0,sim_run_development_072,,not_applicable,,original
synthetic,development_072_5_1,sim_072,3,316.22776601683796,albumin_percent,-5.355555328225304,False,generated,clean,12,development_072_5_1,,x_unbound_cmax,percent_source_normalised,sim_chip_development_072_5_1,sim_sample_development_072_5_1,sim_run_development_072,,not_applicable,,original
synthetic,development_073_0_0,sim_073,3,1.0,albumin_percent,124.23647731655947,False,generated,random_missing,1,development_073_0_0,,x_unbound_cmax,percent_source_normalised,sim_chip_development_073_0_0,sim_sample_development_073_0_0,sim_run_development_073,,not_applicable,,original
synthetic,development_073_0_1,sim_073,3,1.0,albumin_percent,,True,generated,random_missing,2,development_073_0_1,,x_unbound_cmax,percent_source_normalised,sim_chip_development_073_0_1,sim_sample_development_073_0_1,sim_run_development_073,,not_applicable,random_missing,original
synthetic,development_073_1_0,sim_073,3,3.1622776601683795,albumin_percent,122.54520644502126,False,generated,random_missing,3,development_073_1_0,,x_unbound_cmax,percent_source_normalised,sim_chip_development_073_1_0,sim_sample_development_073_1_0,sim_run_development_073,,not_applicable,,original
synthetic,development_073_1_1,sim_073,3,3.1622776601683795,albumin_percent,123.15272724745495,False,generated,random_missing,4,development_073_1_1,,x_unbound_cmax,percent_source_normalised,sim_chip_development_073_1_1,sim_sample_development_073_1_1,sim_run_development_073,,not_applicable,,original
synthetic,development_073_2_0,sim_073,3,10.0,albumin_percent,107.51141025352823,False,generated,random_missing,5,development_073_2_0,,x_unbound_cmax,percent_source_normalised,sim_chip_development_073_2_0,sim_sample_development_073_2_0,sim_run_development_073,,not_applicable,,original
synthetic,development_073_2_1,sim_073,3,10.0,albumin_percent,115.49940613329811,False,generated,random_missing,6,development_073_2_1,,x_unbound_cmax,percent_source_normalised,sim_chip_development_073_2_1,sim_sample_development_073_2_1,sim_run_development_073,,not_applicable,,original
synthetic,development_073_3_0,sim_073,3,31.622776601683793,albumin_percent,123.33941891998428,False,generated,random_missing,7,development_073_3_0,,x_unbound_cmax,percent_source_normalised,sim_chip_development_073_3_0,sim_sample_development_073_3_0,sim_run_development_073,,not_applicable,,original
synthetic,development_073_3_1,sim_073,3,31.622776601683793,albumin_percent,,True,generated,random_missing,8,development_073_3_1,,x_unbound_cmax,percent_source_normalised,sim_chip_development_073_3_1,sim_sample_development_073_3_1,sim_run_development_073,,not_applicable,random_missing,original
synthetic,development_073_4_0,sim_073,3,100.0,albumin_percent,94.8493982178277,False,generated,random_missing,9,development_073_4_0,,x_unbound_cmax,percent_source_normalised,sim_chip_development_073_4_0,sim_sample_development_073_4_0,sim_run_development_073,,not_applicable,,original
synthetic,development_073_4_1,sim_073,3,100.0,albumin_percent,92.67301437907608,False,generated,random_missing,10,development_073_4_1,,x_unbound_cmax,percent_source_normalised,sim_chip_development_073_4_1,sim_sample_development_073_4_1,sim_run_development_073,,not_applicable,,original
synthetic,development_073_5_0,sim_073,3,316.22776601683796,albumin_percent,,True,generated,random_missing,11,development_073_5_0,,x_unbound_cmax,percent_source_normalised,sim_chip_development_073_5_0,sim_sample_development_073_5_0,sim_run_development_073,,not_applicable,random_missing,original
synthetic,development_073_5_1,sim_073,3,316.22776601683796,albumin_percent,37.114798316924464,False,generated,random_missing,12,development_073_5_1,,x_unbound_cmax,percent_source_normalised,sim_chip_development_073_5_1,sim_sample_development_073_5_1,sim_run_development_073,,not_applicable,,original
synthetic,development_074_0_0,sim_074,3,1.0,albumin_percent,105.13860863232021,False,generated,response_dependent_missing,1,development_074_0_0,,x_unbound_cmax,percent_source_normalised,sim_chip_development_074_0_0,sim_sample_development_074_0_0,sim_run_development_074,,not_applicable,,original
synthetic,development_074_0_1,sim_074,3,1.0,albumin_percent,99.73725232757724,False,generated,response_dependent_missing,2,development_074_0_1,,x_unbound_cmax,percent_source_normalised,sim_chip_development_074_0_1,sim_sample_development_074_0_1,sim_run_development_074,,not_applicable,,original
synthetic,development_074_1_0,sim_074,3,3.1622776601683795,albumin_percent,93.57925426365931,False,generated,response_dependent_missing,3,development_074_1_0,,x_unbound_cmax,percent_source_normalised,sim_chip_development_074_1_0,sim_sample_development_074_1_0,sim_run_development_074,,not_applicable,,original
synthetic,development_074_1_1,sim_074,3,3.1622776601683795,albumin_percent,91.41119609473861,False,generated,response_dependent_missing,4,development_074_1_1,,x_unbound_cmax,percent_source_normalised,sim_chip_development_074_1_1,sim_sample_development_074_1_1,sim_run_development_074,,not_applicable,,original
synthetic,development_074_2_0,sim_074,3,10.0,albumin_percent,94.24829727752346,False,generated,response_dependent_missing,5,development_074_2_0,,x_unbound_cmax,percent_source_normalised,sim_chip_development_074_2_0,sim_sample_development_074_2_0,sim_run_development_074,,not_applicable,,original
synthetic,development_074_2_1,sim_074,3,10.0,albumin_percent,96.88514617158324,False,generated,response_dependent_missing,6,development_074_2_1,,x_unbound_cmax,percent_source_normalised,sim_chip_development_074_2_1,sim_sample_development_074_2_1,sim_run_development_074,,not_applicable,,original
synthetic,development_074_3_0,sim_074,3,31.622776601683793,albumin_percent,82.81808034530694,False,generated,response_dependent_missing,7,development_074_3_0,,x_unbound_cmax,percent_source_normalised,sim_chip_development_074_3_0,sim_sample_development_074_3_0,sim_run_development_074,,not_applicable,,original
synthetic,development_074_3_1,sim_074,3,31.622776601683793,albumin_percent,94.25931411908174,False,generated,response_dependent_missing,8,development_074_3_1,,x_unbound_cmax,percent_source_normalised,sim_chip_development_074_3_1,sim_sample_development_074_3_1,sim_run_development_074,,not_applicable,,original
synthetic,development_074_4_0,sim_074,3,100.0,albumin_percent,59.721970789655295,False,generated,response_dependent_missing,9,development_074_4_0,,x_unbound_cmax,percent_source_normalised,sim_chip_development_074_4_0,sim_sample_development_074_4_0,sim_run_development_074,,not_applicable,,original
synthetic,development_074_4_1,sim_074,3,100.0,albumin_percent,61.72250914344262,False,generated,response_dependent_missing,10,development_074_4_1,,x_unbound_cmax,percent_source_normalised,sim_chip_development_074_4_1,sim_sample_development_074_4_1,sim_run_development_074,,not_applicable,,original
synthetic,development_074_5_0,sim_074,3,316.22776601683796,albumin_percent,,True,generated,response_dependent_missing,11,development_074_5_0,,x_unbound_cmax,percent_source_normalised,sim_chip_development_074_5_0,sim_sample_development_074_5_0,sim_run_development_074,,not_applicable,response_dependent_missing,original
synthetic,development_074_5_1,sim_074,3,316.22776601683796,albumin_percent,,True,generated,response_dependent_missing,12,development_074_5_1,,x_unbound_cmax,percent_source_normalised,sim_chip_development_074_5_1,sim_sample_development_074_5_1,sim_run_development_074,,not_applicable,response_dependent_missing,original
synthetic,development_075_0_0,sim_075,3,1.0,albumin_percent,148.63186411415552,False,generated,truncated_range,1,development_075_0_0,,x_unbound_cmax,percent_source_normalised,sim_chip_development_075_0_0,sim_sample_development_075_0_0,sim_run_development_075,,not_applicable,,original
synthetic,development_075_0_1,sim_075,3,1.0,albumin_percent,141.69597534054523,False,generated,truncated_range,2,development_075_0_1,,x_unbound_cmax,percent_source_normalised,sim_chip_development_075_0_1,sim_sample_development_075_0_1,sim_run_development_075,,not_applicable,,original
synthetic,development_075_1_0,sim_075,3,3.1622776601683795,albumin_percent,139.4839627518349,False,generated,truncated_range,3,development_075_1_0,,x_unbound_cmax,percent_source_normalised,sim_chip_development_075_1_0,sim_sample_development_075_1_0,sim_run_development_075,,not_applicable,,original
synthetic,development_075_1_1,sim_075,3,3.1622776601683795,albumin_percent,134.34046145093419,False,generated,truncated_range,4,development_075_1_1,,x_unbound_cmax,percent_source_normalised,sim_chip_development_075_1_1,sim_sample_development_075_1_1,sim_run_development_075,,not_applicable,,original
synthetic,development_075_2_0,sim_075,3,10.0,albumin_percent,127.54294203602485,False,generated,truncated_range,5,development_075_2_0,,x_unbound_cmax,percent_source_normalised,sim_chip_development_075_2_0,sim_sample_development_075_2_0,sim_run_development_075,,not_applicable,,original
synthetic,development_075_2_1,sim_075,3,10.0,albumin_percent,138.59368341382088,False,generated,truncated_range,6,development_075_2_1,,x_unbound_cmax,percent_source_normalised,sim_chip_development_075_2_1,sim_sample_development_075_2_1,sim_run_development_075,,not_applicable,,original
synthetic,development_075_3_0,sim_075,3,31.622776601683793,albumin_percent,91.7443759824616,False,generated,truncated_range,7,development_075_3_0,,x_unbound_cmax,percent_source_normalised,sim_chip_development_075_3_0,sim_sample_development_075_3_0,sim_run_development_075,,not_applicable,,original
synthetic,development_075_3_1,sim_075,3,31.622776601683793,albumin_percent,103.77365736853352,False,generated,truncated_range,8,development_075_3_1,,x_unbound_cmax,percent_source_normalised,sim_chip_development_075_3_1,sim_sample_development_075_3_1,sim_run_development_075,,not_applicable,,original
synthetic,development_076_0_0,sim_076,3,1.0,albumin_percent,115.77883327566852,False,generated,singletons,1,development_076_0_0,,x_unbound_cmax,percent_source_normalised,sim_chip_development_076_0_0,sim_sample_development_076_0_0,sim_run_development_076,,not_applicable,,original
synthetic,development_076_1_0,sim_076,3,3.1622776601683795,albumin_percent,94.9983383085434,False,generated,singletons,2,development_076_1_0,,x_unbound_cmax,percent_source_normalised,sim_chip_development_076_1_0,sim_sample_development_076_1_0,sim_run_development_076,,not_applicable,,original
synthetic,development_076_2_0,sim_076,3,10.0,albumin_percent,109.30358691920985,False,generated,singletons,3,development_076_2_0,,x_unbound_cmax,percent_source_normalised,sim_chip_development_076_2_0,sim_sample_development_076_2_0,sim_run_development_076,,not_applicable,,original
synthetic,development_076_3_0,sim_076,3,31.622776601683793,albumin_percent,31.312138058683967,False,generated,singletons,4,development_076_3_0,,x_unbound_cmax,percent_source_normalised,sim_chip_development_076_3_0,sim_sample_development_076_3_0,sim_run_development_076,,not_applicable,,original
synthetic,development_076_4_0,sim_076,3,100.0,albumin_percent,3.4012859118185226,False,generated,singletons,5,development_076_4_0,,x_unbound_cmax,percent_source_normalised,sim_chip_development_076_4_0,sim_sample_development_076_4_0,sim_run_development_076,,not_applicable,,original
synthetic,development_076_5_0,sim_076,3,316.22776601683796,albumin_percent,6.800760316795144,False,generated,singletons,6,development_076_5_0,,x_unbound_cmax,percent_source_normalised,sim_chip_development_076_5_0,sim_sample_development_076_5_0,sim_run_development_076,,not_applicable,,original
synthetic,development_077_0_0,sim_077,3,1.0,albumin_percent,120.81266518579957,False,generated,influential_reading,1,development_077_0_0,,x_unbound_cmax,percent_source_normalised,sim_chip_development_077_0_0,sim_sample_development_077_0_0,sim_run_development_077,,not_applicable,,original
synthetic,development_077_0_1,sim_077,3,1.0,albumin_percent,118.92108595948017,False,generated,influential_reading,2,development_077_0_1,,x_unbound_cmax,percent_source_normalised,sim_chip_development_077_0_1,sim_sample_development_077_0_1,sim_run_development_077,,not_applicable,,original
synthetic,development_077_1_0,sim_077,3,3.1622776601683795,albumin_percent,133.15770966795506,False,generated,influential_reading,3,development_077_1_0,,x_unbound_cmax,percent_source_normalised,sim_chip_development_077_1_0,sim_sample_development_077_1_0,sim_run_development_077,,not_applicable,,original
synthetic,development_077_1_1,sim_077,3,3.1622776601683795,albumin_percent,139.06223379810325,False,generated,influential_reading,4,development_077_1_1,,x_unbound_cmax,percent_source_normalised,sim_chip_development_077_1_1,sim_sample_development_077_1_1,sim_run_development_077,,not_applicable,,original
synthetic,development_077_2_0,sim_077,3,10.0,albumin_percent,138.60664518815284,False,generated,influential_reading,5,development_077_2_0,,x_unbound_cmax,percent_source_normalised,sim_chip_development_077_2_0,sim_sample_development_077_2_0,sim_run_development_077,,not_applicable,,original
synthetic,development_077_2_1,sim_077,3,10.0,albumin_percent,110.51588354468969,False,generated,influential_reading,6,development_077_2_1,,x_unbound_cmax,percent_source_normalised,sim_chip_development_077_2_1,sim_sample_development_077_2_1,sim_run_development_077,,not_applicable,,original
synthetic,development_077_3_0,sim_077,3,31.622776601683793,albumin_percent,230.35102004985237,False,generated,influential_reading,7,development_077_3_0,,x_unbound_cmax,percent_source_normalised,sim_chip_development_077_3_0,sim_sample_development_077_3_0,sim_run_development_077,,not_applicable,,original
synthetic,development_077_3_1,sim_077,3,31.622776601683793,albumin_percent,123.22160246025754,False,generated,influential_reading,8,development_077_3_1,,x_unbound_cmax,percent_source_normalised,sim_chip_development_077_3_1,sim_sample_development_077_3_1,sim_run_development_077,,not_applicable,,original
synthetic,development_077_4_0,sim_077,3,100.0,albumin_percent,41.66415392276768,False,generated,influential_reading,9,development_077_4_0,,x_unbound_cmax,percent_source_normalised,sim_chip_development_077_4_0,sim_sample_development_077_4_0,sim_run_development_077,,not_applicable,,original
synthetic,development_077_4_1,sim_077,3,100.0,albumin_percent,41.12769519152954,False,generated,influential_reading,10,development_077_4_1,,x_unbound_cmax,percent_source_normalised,sim_chip_development_077_4_1,sim_sample_development_077_4_1,sim_run_development_077,,not_applicable,,original
synthetic,development_077_5_0,sim_077,3,316.22776601683796,albumin_percent,5.491663597405248,False,generated,influential_reading,11,development_077_5_0,,x_unbound_cmax,percent_source_normalised,sim_chip_development_077_5_0,sim_sample_development_077_5_0,sim_run_development_077,,not_applicable,,original
synthetic,development_077_5_1,sim_077,3,316.22776601683796,albumin_percent,9.87579257980424,False,generated,influential_reading,12,development_077_5_1,,x_unbound_cmax,percent_source_normalised,sim_chip_development_077_5_1,sim_sample_development_077_5_1,sim_run_development_077,,not_applicable,,original
synthetic,development_078_0_0,sim_078,3,1.0,albumin_percent,93.40891440502776,False,generated,non_monotonic,1,development_078_0_0,,x_unbound_cmax,percent_source_normalised,sim_chip_development_078_0_0,sim_sample_development_078_0_0,sim_run_development_078,,not_applicable,,original
synthetic,development_078_0_1,sim_078,3,1.0,albumin_percent,106.09611052599135,False,generated,non_monotonic,2,development_078_0_1,,x_unbound_cmax,percent_source_normalised,sim_chip_development_078_0_1,sim_sample_development_078_0_1,sim_run_development_078,,not_applicable,,original
synthetic,development_078_1_0,sim_078,3,3.1622776601683795,albumin_percent,99.09862780396574,False,generated,non_monotonic,3,development_078_1_0,,x_unbound_cmax,percent_source_normalised,sim_chip_development_078_1_0,sim_sample_development_078_1_0,sim_run_development_078,,not_applicable,,original
synthetic,development_078_1_1,sim_078,3,3.1622776601683795,albumin_percent,96.84438477916913,False,generated,non_monotonic,4,development_078_1_1,,x_unbound_cmax,percent_source_normalised,sim_chip_development_078_1_1,sim_sample_development_078_1_1,sim_run_development_078,,not_applicable,,original
synthetic,development_078_2_0,sim_078,3,10.0,albumin_percent,85.8430485823802,False,generated,non_monotonic,5,development_078_2_0,,x_unbound_cmax,percent_source_normalised,sim_chip_development_078_2_0,sim_sample_development_078_2_0,sim_run_development_078,,not_applicable,,original
synthetic,development_078_2_1,sim_078,3,10.0,albumin_percent,81.61283896568604,False,generated,non_monotonic,6,development_078_2_1,,x_unbound_cmax,percent_source_normalised,sim_chip_development_078_2_1,sim_sample_development_078_2_1,sim_run_development_078,,not_applicable,,original
synthetic,development_078_3_0,sim_078,3,31.622776601683793,albumin_percent,89.52779753153325,False,generated,non_monotonic,7,development_078_3_0,,x_unbound_cmax,percent_source_normalised,sim_chip_development_078_3_0,sim_sample_development_078_3_0,sim_run_development_078,,not_applicable,,original
synthetic,development_078_3_1,sim_078,3,31.622776601683793,albumin_percent,91.55432877274497,False,generated,non_monotonic,8,development_078_3_1,,x_unbound_cmax,percent_source_normalised,sim_chip_development_078_3_1,sim_sample_development_078_3_1,sim_run_development_078,,not_applicable,,original
synthetic,development_078_4_0,sim_078,3,100.0,albumin_percent,82.2715087412933,False,generated,non_monotonic,9,development_078_4_0,,x_unbound_cmax,percent_source_normalised,sim_chip_development_078_4_0,sim_sample_development_078_4_0,sim_run_development_078,,not_applicable,,original
synthetic,development_078_4_1,sim_078,3,100.0,albumin_percent,90.85024256831613,False,generated,non_monotonic,10,development_078_4_1,,x_unbound_cmax,percent_source_normalised,sim_chip_development_078_4_1,sim_sample_development_078_4_1,sim_run_development_078,,not_applicable,,original
synthetic,development_078_5_0,sim_078,3,316.22776601683796,albumin_percent,23.543384703959966,False,generated,non_monotonic,11,development_078_5_0,,x_unbound_cmax,percent_source_normalised,sim_chip_development_078_5_0,sim_sample_development_078_5_0,sim_run_development_078,,not_applicable,,original
synthetic,development_078_5_1,sim_078,3,316.22776601683796,albumin_percent,16.74364745351685,False,generated,non_monotonic,12,development_078_5_1,,x_unbound_cmax,percent_source_normalised,sim_chip_development_078_5_1,sim_sample_development_078_5_1,sim_run_development_078,,not_applicable,,original
synthetic,development_079_0_0,sim_079,3,1.0,albumin_percent,129.03223068505378,False,generated,run_shift,1,development_079_0_0,,x_unbound_cmax,percent_source_normalised,sim_chip_development_079_0_0,sim_sample_development_079_0_0,sim_run_development_079,,not_applicable,,original
synthetic,development_079_0_1,sim_079,3,1.0,albumin_percent,129.52335366897304,False,generated,run_shift,2,development_079_0_1,,x_unbound_cmax,percent_source_normalised,sim_chip_development_079_0_1,sim_sample_development_079_0_1,sim_run_development_079,,not_applicable,,original
synthetic,development_079_1_0,sim_079,3,3.1622776601683795,albumin_percent,145.22491122988342,False,generated,run_shift,3,development_079_1_0,,x_unbound_cmax,percent_source_normalised,sim_chip_development_079_1_0,sim_sample_development_079_1_0,sim_run_development_079,,not_applicable,,original
synthetic,development_079_1_1,sim_079,3,3.1622776601683795,albumin_percent,122.37871127774173,False,generated,run_shift,4,development_079_1_1,,x_unbound_cmax,percent_source_normalised,sim_chip_development_079_1_1,sim_sample_development_079_1_1,sim_run_development_079,,not_applicable,,original
synthetic,development_079_2_0,sim_079,3,10.0,albumin_percent,125.05756993619579,False,generated,run_shift,5,development_079_2_0,,x_unbound_cmax,percent_source_normalised,sim_chip_development_079_2_0,sim_sample_development_079_2_0,sim_run_development_079,,not_applicable,,original
synthetic,development_079_2_1,sim_079,3,10.0,albumin_percent,141.42844041468814,False,generated,run_shift,6,development_079_2_1,,x_unbound_cmax,percent_source_normalised,sim_chip_development_079_2_1,sim_sample_development_079_2_1,sim_run_development_079,,not_applicable,,original
synthetic,development_079_3_0,sim_079,3,31.622776601683793,albumin_percent,105.76905275719218,False,generated,run_shift,7,development_079_3_0,,x_unbound_cmax,percent_source_normalised,sim_chip_development_079_3_0,sim_sample_development_079_3_0,sim_run_development_079,,not_applicable,,original
synthetic,development_079_3_1,sim_079,3,31.622776601683793,albumin_percent,145.73214788526147,False,generated,run_shift,8,development_079_3_1,,x_unbound_cmax,percent_source_normalised,sim_chip_development_079_3_1,sim_sample_development_079_3_1,sim_run_development_079,,not_applicable,,original
synthetic,development_079_4_0,sim_079,3,100.0,albumin_percent,89.16358205493474,False,generated,run_shift,9,development_079_4_0,,x_unbound_cmax,percent_source_normalised,sim_chip_development_079_4_0,sim_sample_development_079_4_0,sim_run_development_079,,not_applicable,,original
synthetic,development_079_4_1,sim_079,3,100.0,albumin_percent,83.23822175332027,False,generated,run_shift,10,development_079_4_1,,x_unbound_cmax,percent_source_normalised,sim_chip_development_079_4_1,sim_sample_development_079_4_1,sim_run_development_079,,not_applicable,,original
synthetic,development_079_5_0,sim_079,3,316.22776601683796,albumin_percent,49.19328203078117,False,generated,run_shift,11,development_079_5_0,,x_unbound_cmax,percent_source_normalised,sim_chip_development_079_5_0,sim_sample_development_079_5_0,sim_run_development_079,,not_applicable,,original
synthetic,development_079_5_1,sim_079,3,316.22776601683796,albumin_percent,51.04579533767714,False,generated,run_shift,12,development_079_5_1,,x_unbound_cmax,percent_source_normalised,sim_chip_development_079_5_1,sim_sample_development_079_5_1,sim_run_development_079,,not_applicable,,original
synthetic,development_080_0_0,sim_080,3,1.0,albumin_percent,139.30128019855994,False,generated,clean,1,development_080_0_0,,x_unbound_cmax,percent_source_normalised,sim_chip_development_080_0_0,sim_sample_development_080_0_0,sim_run_development_080,,not_applicable,,original
synthetic,development_080_0_1,sim_080,3,1.0,albumin_percent,136.46346398323138,False,generated,clean,2,development_080_0_1,,x_unbound_cmax,percent_source_normalised,sim_chip_development_080_0_1,sim_sample_development_080_0_1,sim_run_development_080,,not_applicable,,original
synthetic,development_080_1_0,sim_080,3,3.1622776601683795,albumin_percent,109.27938743940267,False,generated,clean,3,development_080_1_0,,x_unbound_cmax,percent_source_normalised,sim_chip_development_080_1_0,sim_sample_development_080_1_0,sim_run_development_080,,not_applicable,,original
synthetic,development_080_1_1,sim_080,3,3.1622776601683795,albumin_percent,114.11093962433792,False,generated,clean,4,development_080_1_1,,x_unbound_cmax,percent_source_normalised,sim_chip_development_080_1_1,sim_sample_development_080_1_1,sim_run_development_080,,not_applicable,,original
synthetic,development_080_2_0,sim_080,3,10.0,albumin_percent,69.6878167969465,False,generated,clean,5,development_080_2_0,,x_unbound_cmax,percent_source_normalised,sim_chip_development_080_2_0,sim_sample_development_080_2_0,sim_run_development_080,,not_applicable,,original
synthetic,development_080_2_1,sim_080,3,10.0,albumin_percent,67.6048820708425,False,generated,clean,6,development_080_2_1,,x_unbound_cmax,percent_source_normalised,sim_chip_development_080_2_1,sim_sample_development_080_2_1,sim_run_development_080,,not_applicable,,original
synthetic,development_080_3_0,sim_080,3,31.622776601683793,albumin_percent,31.100731700525753,False,generated,clean,7,development_080_3_0,,x_unbound_cmax,percent_source_normalised,sim_chip_development_080_3_0,sim_sample_development_080_3_0,sim_run_development_080,,not_applicable,,original
synthetic,development_080_3_1,sim_080,3,31.622776601683793,albumin_percent,32.796136709784605,False,generated,clean,8,development_080_3_1,,x_unbound_cmax,percent_source_normalised,sim_chip_development_080_3_1,sim_sample_development_080_3_1,sim_run_development_080,,not_applicable,,original
synthetic,development_080_4_0,sim_080,3,100.0,albumin_percent,7.280940351161587,False,generated,clean,9,development_080_4_0,,x_unbound_cmax,percent_source_normalised,sim_chip_development_080_4_0,sim_sample_development_080_4_0,sim_run_development_080,,not_applicable,,original
synthetic,development_080_4_1,sim_080,3,100.0,albumin_percent,13.799511146777498,False,generated,clean,10,development_080_4_1,,x_unbound_cmax,percent_source_normalised,sim_chip_development_080_4_1,sim_sample_development_080_4_1,sim_run_development_080,,not_applicable,,original
synthetic,development_080_5_0,sim_080,3,316.22776601683796,albumin_percent,14.477136094895585,False,generated,clean,11,development_080_5_0,,x_unbound_cmax,percent_source_normalised,sim_chip_development_080_5_0,sim_sample_development_080_5_0,sim_run_development_080,,not_applicable,,original
synthetic,development_080_5_1,sim_080,3,316.22776601683796,albumin_percent,2.23253770181846,False,generated,clean,12,development_080_5_1,,x_unbound_cmax,percent_source_normalised,sim_chip_development_080_5_1,sim_sample_development_080_5_1,sim_run_development_080,,not_applicable,,original
synthetic,development_081_0_0,sim_081,3,1.0,albumin_percent,96.86147993567242,False,generated,random_missing,1,development_081_0_0,,x_unbound_cmax,percent_source_normalised,sim_chip_development_081_0_0,sim_sample_development_081_0_0,sim_run_development_081,,not_applicable,,original
synthetic,development_081_0_1,sim_081,3,1.0,albumin_percent,88.4355889203225,False,generated,random_missing,2,development_081_0_1,,x_unbound_cmax,percent_source_normalised,sim_chip_development_081_0_1,sim_sample_development_081_0_1,sim_run_development_081,,not_applicable,,original
synthetic,development_081_1_0,sim_081,3,3.1622776601683795,albumin_percent,97.45257741485045,False,generated,random_missing,3,development_081_1_0,,x_unbound_cmax,percent_source_normalised,sim_chip_development_081_1_0,sim_sample_development_081_1_0,sim_run_development_081,,not_applicable,,original
synthetic,development_081_1_1,sim_081,3,3.1622776601683795,albumin_percent,93.27503671474378,False,generated,random_missing,4,development_081_1_1,,x_unbound_cmax,percent_source_normalised,sim_chip_development_081_1_1,sim_sample_development_081_1_1,sim_run_development_081,,not_applicable,,original
synthetic,development_081_2_0,sim_081,3,10.0,albumin_percent,,True,generated,random_missing,5,development_081_2_0,,x_unbound_cmax,percent_source_normalised,sim_chip_development_081_2_0,sim_sample_development_081_2_0,sim_run_development_081,,not_applicable,random_missing,original
synthetic,development_081_2_1,sim_081,3,10.0,albumin_percent,91.95177824107401,False,generated,random_missing,6,development_081_2_1,,x_unbound_cmax,percent_source_normalised,sim_chip_development_081_2_1,sim_sample_development_081_2_1,sim_run_development_081,,not_applicable,,original
synthetic,development_081_3_0,sim_081,3,31.622776601683793,albumin_percent,76.89049349677911,False,generated,random_missing,7,development_081_3_0,,x_unbound_cmax,percent_source_normalised,sim_chip_development_081_3_0,sim_sample_development_081_3_0,sim_run_development_081,,not_applicable,,original
synthetic,development_081_3_1,sim_081,3,31.622776601683793,albumin_percent,73.42186159697533,False,generated,random_missing,8,development_081_3_1,,x_unbound_cmax,percent_source_normalised,sim_chip_development_081_3_1,sim_sample_development_081_3_1,sim_run_development_081,,not_applicable,,original
synthetic,development_081_4_0,sim_081,3,100.0,albumin_percent,36.02125729545822,False,generated,random_missing,9,development_081_4_0,,x_unbound_cmax,percent_source_normalised,sim_chip_development_081_4_0,sim_sample_development_081_4_0,sim_run_development_081,,not_applicable,,original
synthetic,development_081_4_1,sim_081,3,100.0,albumin_percent,48.054139215112535,False,generated,random_missing,10,development_081_4_1,,x_unbound_cmax,percent_source_normalised,sim_chip_development_081_4_1,sim_sample_development_081_4_1,sim_run_development_081,,not_applicable,,original
synthetic,development_081_5_0,sim_081,3,316.22776601683796,albumin_percent,27.133304987177375,False,generated,random_missing,11,development_081_5_0,,x_unbound_cmax,percent_source_normalised,sim_chip_development_081_5_0,sim_sample_development_081_5_0,sim_run_development_081,,not_applicable,,original
synthetic,development_081_5_1,sim_081,3,316.22776601683796,albumin_percent,38.88008471210009,False,generated,random_missing,12,development_081_5_1,,x_unbound_cmax,percent_source_normalised,sim_chip_development_081_5_1,sim_sample_development_081_5_1,sim_run_development_081,,not_applicable,,original
synthetic,development_082_0_0,sim_082,3,1.0,albumin_percent,134.6231989088419,False,generated,response_dependent_missing,1,development_082_0_0,,x_unbound_cmax,percent_source_normalised,sim_chip_development_082_0_0,sim_sample_development_082_0_0,sim_run_development_082,,not_applicable,,original
synthetic,development_082_0_1,sim_082,3,1.0,albumin_percent,125.67561311651335,False,generated,response_dependent_missing,2,development_082_0_1,,x_unbound_cmax,percent_source_normalised,sim_chip_development_082_0_1,sim_sample_development_082_0_1,sim_run_development_082,,not_applicable,,original
synthetic,development_082_1_0,sim_082,3,3.1622776601683795,albumin_percent,119.83147480917007,False,generated,response_dependent_missing,3,development_082_1_0,,x_unbound_cmax,percent_source_normalised,sim_chip_development_082_1_0,sim_sample_development_082_1_0,sim_run_development_082,,not_applicable,,original
synthetic,development_082_1_1,sim_082,3,3.1622776601683795,albumin_percent,108.19790195911732,False,generated,response_dependent_missing,4,development_082_1_1,,x_unbound_cmax,percent_source_normalised,sim_chip_development_082_1_1,sim_sample_development_082_1_1,sim_run_development_082,,not_applicable,,original
synthetic,development_082_2_0,sim_082,3,10.0,albumin_percent,95.05070407340926,False,generated,response_dependent_missing,5,development_082_2_0,,x_unbound_cmax,percent_source_normalised,sim_chip_development_082_2_0,sim_sample_development_082_2_0,sim_run_development_082,,not_applicable,,original
synthetic,development_082_2_1,sim_082,3,10.0,albumin_percent,115.69381291317958,False,generated,response_dependent_missing,6,development_082_2_1,,x_unbound_cmax,percent_source_normalised,sim_chip_development_082_2_1,sim_sample_development_082_2_1,sim_run_development_082,,not_applicable,,original
synthetic,development_082_3_0,sim_082,3,31.622776601683793,albumin_percent,89.25039794962882,False,generated,response_dependent_missing,7,development_082_3_0,,x_unbound_cmax,percent_source_normalised,sim_chip_development_082_3_0,sim_sample_development_082_3_0,sim_run_development_082,,not_applicable,,original
synthetic,development_082_3_1,sim_082,3,31.622776601683793,albumin_percent,81.92890004952984,False,generated,response_dependent_missing,8,development_082_3_1,,x_unbound_cmax,percent_source_normalised,sim_chip_development_082_3_1,sim_sample_development_082_3_1,sim_run_development_082,,not_applicable,,original
synthetic,development_082_4_0,sim_082,3,100.0,albumin_percent,31.36815306572213,False,generated,response_dependent_missing,9,development_082_4_0,,x_unbound_cmax,percent_source_normalised,sim_chip_development_082_4_0,sim_sample_development_082_4_0,sim_run_development_082,,not_applicable,,original
synthetic,development_082_4_1,sim_082,3,100.0,albumin_percent,34.99058942457706,False,generated,response_dependent_missing,10,development_082_4_1,,x_unbound_cmax,percent_source_normalised,sim_chip_development_082_4_1,sim_sample_development_082_4_1,sim_run_development_082,,not_applicable,,original
synthetic,development_082_5_0,sim_082,3,316.22776601683796,albumin_percent,31.540601064181814,False,generated,response_dependent_missing,11,development_082_5_0,,x_unbound_cmax,percent_source_normalised,sim_chip_development_082_5_0,sim_sample_development_082_5_0,sim_run_development_082,,not_applicable,,original
synthetic,development_082_5_1,sim_082,3,316.22776601683796,albumin_percent,,True,generated,response_dependent_missing,12,development_082_5_1,,x_unbound_cmax,percent_source_normalised,sim_chip_development_082_5_1,sim_sample_development_082_5_1,sim_run_development_082,,not_applicable,response_dependent_missing,original
synthetic,development_083_0_0,sim_083,3,1.0,albumin_percent,131.263764096847,False,generated,truncated_range,1,development_083_0_0,,x_unbound_cmax,percent_source_normalised,sim_chip_development_083_0_0,sim_sample_development_083_0_0,sim_run_development_083,,not_applicable,,original
synthetic,development_083_0_1,sim_083,3,1.0,albumin_percent,129.36069895654893,False,generated,truncated_range,2,development_083_0_1,,x_unbound_cmax,percent_source_normalised,sim_chip_development_083_0_1,sim_sample_development_083_0_1,sim_run_development_083,,not_applicable,,original
synthetic,development_083_1_0,sim_083,3,3.1622776601683795,albumin_percent,121.9572365401233,False,generated,truncated_range,3,development_083_1_0,,x_unbound_cmax,percent_source_normalised,sim_chip_development_083_1_0,sim_sample_development_083_1_0,sim_run_development_083,,not_applicable,,original
synthetic,development_083_1_1,sim_083,3,3.1622776601683795,albumin_percent,135.4995981243651,False,generated,truncated_range,4,development_083_1_1,,x_unbound_cmax,percent_source_normalised,sim_chip_development_083_1_1,sim_sample_development_083_1_1,sim_run_development_083,,not_applicable,,original
synthetic,development_083_2_0,sim_083,3,10.0,albumin_percent,99.66718968513737,False,generated,truncated_range,5,development_083_2_0,,x_unbound_cmax,percent_source_normalised,sim_chip_development_083_2_0,sim_sample_development_083_2_0,sim_run_development_083,,not_applicable,,original
synthetic,development_083_2_1,sim_083,3,10.0,albumin_percent,122.92424440587519,False,generated,truncated_range,6,development_083_2_1,,x_unbound_cmax,percent_source_normalised,sim_chip_development_083_2_1,sim_sample_development_083_2_1,sim_run_development_083,,not_applicable,,original
synthetic,development_083_3_0,sim_083,3,31.622776601683793,albumin_percent,42.92813344809961,False,generated,truncated_range,7,development_083_3_0,,x_unbound_cmax,percent_source_normalised,sim_chip_development_083_3_0,sim_sample_development_083_3_0,sim_run_development_083,,not_applicable,,original
synthetic,development_083_3_1,sim_083,3,31.622776601683793,albumin_percent,54.78462887424236,False,generated,truncated_range,8,development_083_3_1,,x_unbound_cmax,percent_source_normalised,sim_chip_development_083_3_1,sim_sample_development_083_3_1,sim_run_development_083,,not_applicable,,original
synthetic,development_084_0_0,sim_084,3,1.0,albumin_percent,135.00684241253916,False,generated,singletons,1,development_084_0_0,,x_unbound_cmax,percent_source_normalised,sim_chip_development_084_0_0,sim_sample_development_084_0_0,sim_run_development_084,,not_applicable,,original
synthetic,development_084_1_0,sim_084,3,3.1622776601683795,albumin_percent,146.67427359989756,False,generated,singletons,2,development_084_1_0,,x_unbound_cmax,percent_source_normalised,sim_chip_development_084_1_0,sim_sample_development_084_1_0,sim_run_development_084,,not_applicable,,original
synthetic,development_084_2_0,sim_084,3,10.0,albumin_percent,147.82278371308246,False,generated,singletons,3,development_084_2_0,,x_unbound_cmax,percent_source_normalised,sim_chip_development_084_2_0,sim_sample_development_084_2_0,sim_run_development_084,,not_applicable,,original
synthetic,development_084_3_0,sim_084,3,31.622776601683793,albumin_percent,128.2564748528691,False,generated,singletons,4,development_084_3_0,,x_unbound_cmax,percent_source_normalised,sim_chip_development_084_3_0,sim_sample_development_084_3_0,sim_run_development_084,,not_applicable,,original
synthetic,development_084_4_0,sim_084,3,100.0,albumin_percent,100.49834082191087,False,generated,singletons,5,development_084_4_0,,x_unbound_cmax,percent_source_normalised,sim_chip_development_084_4_0,sim_sample_development_084_4_0,sim_run_development_084,,not_applicable,,original
synthetic,development_084_5_0,sim_084,3,316.22776601683796,albumin_percent,50.53969216899924,False,generated,singletons,6,development_084_5_0,,x_unbound_cmax,percent_source_normalised,sim_chip_development_084_5_0,sim_sample_development_084_5_0,sim_run_development_084,,not_applicable,,original
synthetic,development_085_0_0,sim_085,3,1.0,albumin_percent,103.03004595857338,False,generated,influential_reading,1,development_085_0_0,,x_unbound_cmax,percent_source_normalised,sim_chip_development_085_0_0,sim_sample_development_085_0_0,sim_run_development_085,,not_applicable,,original
synthetic,development_085_0_1,sim_085,3,1.0,albumin_percent,100.43585615067084,False,generated,influential_reading,2,development_085_0_1,,x_unbound_cmax,percent_source_normalised,sim_chip_development_085_0_1,sim_sample_development_085_0_1,sim_run_development_085,,not_applicable,,original
synthetic,development_085_1_0,sim_085,3,3.1622776601683795,albumin_percent,81.74805478780522,False,generated,influential_reading,3,development_085_1_0,,x_unbound_cmax,percent_source_normalised,sim_chip_development_085_1_0,sim_sample_development_085_1_0,sim_run_development_085,,not_applicable,,original
synthetic,development_085_1_1,sim_085,3,3.1622776601683795,albumin_percent,79.62821614234257,False,generated,influential_reading,4,development_085_1_1,,x_unbound_cmax,percent_source_normalised,sim_chip_development_085_1_1,sim_sample_development_085_1_1,sim_run_development_085,,not_applicable,,original
synthetic,development_085_2_0,sim_085,3,10.0,albumin_percent,50.46858684954197,False,generated,influential_reading,5,development_085_2_0,,x_unbound_cmax,percent_source_normalised,sim_chip_development_085_2_0,sim_sample_development_085_2_0,sim_run_development_085,,not_applicable,,original
synthetic,development_085_2_1,sim_085,3,10.0,albumin_percent,62.196289462008096,False,generated,influential_reading,6,development_085_2_1,,x_unbound_cmax,percent_source_normalised,sim_chip_development_085_2_1,sim_sample_development_085_2_1,sim_run_development_085,,not_applicable,,original
synthetic,development_085_3_0,sim_085,3,31.622776601683793,albumin_percent,109.94861501830096,False,generated,influential_reading,7,development_085_3_0,,x_unbound_cmax,percent_source_normalised,sim_chip_development_085_3_0,sim_sample_development_085_3_0,sim_run_development_085,,not_applicable,,original
synthetic,development_085_3_1,sim_085,3,31.622776601683793,albumin_percent,23.71285719234641,False,generated,influential_reading,8,development_085_3_1,,x_unbound_cmax,percent_source_normalised,sim_chip_development_085_3_1,sim_sample_development_085_3_1,sim_run_development_085,,not_applicable,,original
synthetic,development_085_4_0,sim_085,3,100.0,albumin_percent,37.063968007670084,False,generated,influential_reading,9,development_085_4_0,,x_unbound_cmax,percent_source_normalised,sim_chip_development_085_4_0,sim_sample_development_085_4_0,sim_run_development_085,,not_applicable,,original
synthetic,development_085_4_1,sim_085,3,100.0,albumin_percent,16.589895351110663,False,generated,influential_reading,10,development_085_4_1,,x_unbound_cmax,percent_source_normalised,sim_chip_development_085_4_1,sim_sample_development_085_4_1,sim_run_development_085,,not_applicable,,original
synthetic,development_085_5_0,sim_085,3,316.22776601683796,albumin_percent,6.753454126631954,False,generated,influential_reading,11,development_085_5_0,,x_unbound_cmax,percent_source_normalised,sim_chip_development_085_5_0,sim_sample_development_085_5_0,sim_run_development_085,,not_applicable,,original
synthetic,development_085_5_1,sim_085,3,316.22776601683796,albumin_percent,5.266641547522503,False,generated,influential_reading,12,development_085_5_1,,x_unbound_cmax,percent_source_normalised,sim_chip_development_085_5_1,sim_sample_development_085_5_1,sim_run_development_085,,not_applicable,,original
synthetic,development_086_0_0,sim_086,3,1.0,albumin_percent,99.42662007913749,False,generated,non_monotonic,1,development_086_0_0,,x_unbound_cmax,percent_source_normalised,sim_chip_development_086_0_0,sim_sample_development_086_0_0,sim_run_development_086,,not_applicable,,original
synthetic,development_086_0_1,sim_086,3,1.0,albumin_percent,101.15372747268019,False,generated,non_monotonic,2,development_086_0_1,,x_unbound_cmax,percent_source_normalised,sim_chip_development_086_0_1,sim_sample_development_086_0_1,sim_run_development_086,,not_applicable,,original
synthetic,development_086_1_0,sim_086,3,3.1622776601683795,albumin_percent,79.04290342134531,False,generated,non_monotonic,3,development_086_1_0,,x_unbound_cmax,percent_source_normalised,sim_chip_development_086_1_0,sim_sample_development_086_1_0,sim_run_development_086,,not_applicable,,original
synthetic,development_086_1_1,sim_086,3,3.1622776601683795,albumin_percent,86.03783945266582,False,generated,non_monotonic,4,development_086_1_1,,x_unbound_cmax,percent_source_normalised,sim_chip_development_086_1_1,sim_sample_development_086_1_1,sim_run_development_086,,not_applicable,,original
synthetic,development_086_2_0,sim_086,3,10.0,albumin_percent,73.30316317480525,False,generated,non_monotonic,5,development_086_2_0,,x_unbound_cmax,percent_source_normalised,sim_chip_development_086_2_0,sim_sample_development_086_2_0,sim_run_development_086,,not_applicable,,original
synthetic,development_086_2_1,sim_086,3,10.0,albumin_percent,75.73962966936747,False,generated,non_monotonic,6,development_086_2_1,,x_unbound_cmax,percent_source_normalised,sim_chip_development_086_2_1,sim_sample_development_086_2_1,sim_run_development_086,,not_applicable,,original
synthetic,development_086_3_0,sim_086,3,31.622776601683793,albumin_percent,56.24568780117181,False,generated,non_monotonic,7,development_086_3_0,,x_unbound_cmax,percent_source_normalised,sim_chip_development_086_3_0,sim_sample_development_086_3_0,sim_run_development_086,,not_applicable,,original
synthetic,development_086_3_1,sim_086,3,31.622776601683793,albumin_percent,61.52728892390489,False,generated,non_monotonic,8,development_086_3_1,,x_unbound_cmax,percent_source_normalised,sim_chip_development_086_3_1,sim_sample_development_086_3_1,sim_run_development_086,,not_applicable,,original
synthetic,development_086_4_0,sim_086,3,100.0,albumin_percent,55.79873741858743,False,generated,non_monotonic,9,development_086_4_0,,x_unbound_cmax,percent_source_normalised,sim_chip_development_086_4_0,sim_sample_development_086_4_0,sim_run_development_086,,not_applicable,,original
synthetic,development_086_4_1,sim_086,3,100.0,albumin_percent,62.80769133448772,False,generated,non_monotonic,10,development_086_4_1,,x_unbound_cmax,percent_source_normalised,sim_chip_development_086_4_1,sim_sample_development_086_4_1,sim_run_development_086,,not_applicable,,original
synthetic,development_086_5_0,sim_086,3,316.22776601683796,albumin_percent,28.201606454019185,False,generated,non_monotonic,11,development_086_5_0,,x_unbound_cmax,percent_source_normalised,sim_chip_development_086_5_0,sim_sample_development_086_5_0,sim_run_development_086,,not_applicable,,original
synthetic,development_086_5_1,sim_086,3,316.22776601683796,albumin_percent,25.82664190408591,False,generated,non_monotonic,12,development_086_5_1,,x_unbound_cmax,percent_source_normalised,sim_chip_development_086_5_1,sim_sample_development_086_5_1,sim_run_development_086,,not_applicable,,original
synthetic,development_087_0_0,sim_087,3,1.0,albumin_percent,153.05779238918188,False,generated,run_shift,1,development_087_0_0,,x_unbound_cmax,percent_source_normalised,sim_chip_development_087_0_0,sim_sample_development_087_0_0,sim_run_development_087,,not_applicable,,original
synthetic,development_087_0_1,sim_087,3,1.0,albumin_percent,158.24409388371618,False,generated,run_shift,2,development_087_0_1,,x_unbound_cmax,percent_source_normalised,sim_chip_development_087_0_1,sim_sample_development_087_0_1,sim_run_development_087,,not_applicable,,original
synthetic,development_087_1_0,sim_087,3,3.1622776601683795,albumin_percent,158.1312513236492,False,generated,run_shift,3,development_087_1_0,,x_unbound_cmax,percent_source_normalised,sim_chip_development_087_1_0,sim_sample_development_087_1_0,sim_run_development_087,,not_applicable,,original
synthetic,development_087_1_1,sim_087,3,3.1622776601683795,albumin_percent,144.60184154834394,False,generated,run_shift,4,development_087_1_1,,x_unbound_cmax,percent_source_normalised,sim_chip_development_087_1_1,sim_sample_development_087_1_1,sim_run_development_087,,not_applicable,,original
synthetic,development_087_2_0,sim_087,3,10.0,albumin_percent,135.45373851901687,False,generated,run_shift,5,development_087_2_0,,x_unbound_cmax,percent_source_normalised,sim_chip_development_087_2_0,sim_sample_development_087_2_0,sim_run_development_087,,not_applicable,,original
synthetic,development_087_2_1,sim_087,3,10.0,albumin_percent,137.21338382677973,False,generated,run_shift,6,development_087_2_1,,x_unbound_cmax,percent_source_normalised,sim_chip_development_087_2_1,sim_sample_development_087_2_1,sim_run_development_087,,not_applicable,,original
synthetic,development_087_3_0,sim_087,3,31.622776601683793,albumin_percent,79.59459169472652,False,generated,run_shift,7,development_087_3_0,,x_unbound_cmax,percent_source_normalised,sim_chip_development_087_3_0,sim_sample_development_087_3_0,sim_run_development_087,,not_applicable,,original
synthetic,development_087_3_1,sim_087,3,31.622776601683793,albumin_percent,110.06265686495748,False,generated,run_shift,8,development_087_3_1,,x_unbound_cmax,percent_source_normalised,sim_chip_development_087_3_1,sim_sample_development_087_3_1,sim_run_development_087,,not_applicable,,original
synthetic,development_087_4_0,sim_087,3,100.0,albumin_percent,53.99305790831002,False,generated,run_shift,9,development_087_4_0,,x_unbound_cmax,percent_source_normalised,sim_chip_development_087_4_0,sim_sample_development_087_4_0,sim_run_development_087,,not_applicable,,original
synthetic,development_087_4_1,sim_087,3,100.0,albumin_percent,35.08668733463806,False,generated,run_shift,10,development_087_4_1,,x_unbound_cmax,percent_source_normalised,sim_chip_development_087_4_1,sim_sample_development_087_4_1,sim_run_development_087,,not_applicable,,original
synthetic,development_087_5_0,sim_087,3,316.22776601683796,albumin_percent,41.29246012121112,False,generated,run_shift,11,development_087_5_0,,x_unbound_cmax,percent_source_normalised,sim_chip_development_087_5_0,sim_sample_development_087_5_0,sim_run_development_087,,not_applicable,,original
synthetic,development_087_5_1,sim_087,3,316.22776601683796,albumin_percent,39.86433231863275,False,generated,run_shift,12,development_087_5_1,,x_unbound_cmax,percent_source_normalised,sim_chip_development_087_5_1,sim_sample_development_087_5_1,sim_run_development_087,,not_applicable,,original
synthetic,development_088_0_0,sim_088,3,1.0,albumin_percent,128.7416897724189,False,generated,clean,1,development_088_0_0,,x_unbound_cmax,percent_source_normalised,sim_chip_development_088_0_0,sim_sample_development_088_0_0,sim_run_development_088,,not_applicable,,original
synthetic,development_088_0_1,sim_088,3,1.0,albumin_percent,125.36450679729306,False,generated,clean,2,development_088_0_1,,x_unbound_cmax,percent_source_normalised,sim_chip_development_088_0_1,sim_sample_development_088_0_1,sim_run_development_088,,not_applicable,,original
synthetic,development_088_1_0,sim_088,3,3.1622776601683795,albumin_percent,121.076550901505,False,generated,clean,3,development_088_1_0,,x_unbound_cmax,percent_source_normalised,sim_chip_development_088_1_0,sim_sample_development_088_1_0,sim_run_development_088,,not_applicable,,original
synthetic,development_088_1_1,sim_088,3,3.1622776601683795,albumin_percent,113.80621441682156,False,generated,clean,4,development_088_1_1,,x_unbound_cmax,percent_source_normalised,sim_chip_development_088_1_1,sim_sample_development_088_1_1,sim_run_development_088,,not_applicable,,original
synthetic,development_088_2_0,sim_088,3,10.0,albumin_percent,120.63308117701627,False,generated,clean,5,development_088_2_0,,x_unbound_cmax,percent_source_normalised,sim_chip_development_088_2_0,sim_sample_development_088_2_0,sim_run_development_088,,not_applicable,,original
synthetic,development_088_2_1,sim_088,3,10.0,albumin_percent,122.92722255514654,False,generated,clean,6,development_088_2_1,,x_unbound_cmax,percent_source_normalised,sim_chip_development_088_2_1,sim_sample_development_088_2_1,sim_run_development_088,,not_applicable,,original
synthetic,development_088_3_0,sim_088,3,31.622776601683793,albumin_percent,119.05550467196757,False,generated,clean,7,development_088_3_0,,x_unbound_cmax,percent_source_normalised,sim_chip_development_088_3_0,sim_sample_development_088_3_0,sim_run_development_088,,not_applicable,,original
synthetic,development_088_3_1,sim_088,3,31.622776601683793,albumin_percent,118.15367096898352,False,generated,clean,8,development_088_3_1,,x_unbound_cmax,percent_source_normalised,sim_chip_development_088_3_1,sim_sample_development_088_3_1,sim_run_development_088,,not_applicable,,original
synthetic,development_088_4_0,sim_088,3,100.0,albumin_percent,45.921734346911954,False,generated,clean,9,development_088_4_0,,x_unbound_cmax,percent_source_normalised,sim_chip_development_088_4_0,sim_sample_development_088_4_0,sim_run_development_088,,not_applicable,,original
synthetic,development_088_4_1,sim_088,3,100.0,albumin_percent,39.34969732612211,False,generated,clean,10,development_088_4_1,,x_unbound_cmax,percent_source_normalised,sim_chip_development_088_4_1,sim_sample_development_088_4_1,sim_run_development_088,,not_applicable,,original
synthetic,development_088_5_0,sim_088,3,316.22776601683796,albumin_percent,20.112808469918754,False,generated,clean,11,development_088_5_0,,x_unbound_cmax,percent_source_normalised,sim_chip_development_088_5_0,sim_sample_development_088_5_0,sim_run_development_088,,not_applicable,,original
synthetic,development_088_5_1,sim_088,3,316.22776601683796,albumin_percent,27.600908471557627,False,generated,clean,12,development_088_5_1,,x_unbound_cmax,percent_source_normalised,sim_chip_development_088_5_1,sim_sample_development_088_5_1,sim_run_development_088,,not_applicable,,original
synthetic,development_089_0_0,sim_089,3,1.0,albumin_percent,134.4679440741515,False,generated,random_missing,1,development_089_0_0,,x_unbound_cmax,percent_source_normalised,sim_chip_development_089_0_0,sim_sample_development_089_0_0,sim_run_development_089,,not_applicable,,original
synthetic,development_089_0_1,sim_089,3,1.0,albumin_percent,143.57558513443092,False,generated,random_missing,2,development_089_0_1,,x_unbound_cmax,percent_source_normalised,sim_chip_development_089_0_1,sim_sample_development_089_0_1,sim_run_development_089,,not_applicable,,original
synthetic,development_089_1_0,sim_089,3,3.1622776601683795,albumin_percent,,True,generated,random_missing,3,development_089_1_0,,x_unbound_cmax,percent_source_normalised,sim_chip_development_089_1_0,sim_sample_development_089_1_0,sim_run_development_089,,not_applicable,random_missing,original
synthetic,development_089_1_1,sim_089,3,3.1622776601683795,albumin_percent,,True,generated,random_missing,4,development_089_1_1,,x_unbound_cmax,percent_source_normalised,sim_chip_development_089_1_1,sim_sample_development_089_1_1,sim_run_development_089,,not_applicable,random_missing,original
synthetic,development_089_2_0,sim_089,3,10.0,albumin_percent,132.2850013845943,False,generated,random_missing,5,development_089_2_0,,x_unbound_cmax,percent_source_normalised,sim_chip_development_089_2_0,sim_sample_development_089_2_0,sim_run_development_089,,not_applicable,,original
synthetic,development_089_2_1,sim_089,3,10.0,albumin_percent,126.27132437673518,False,generated,random_missing,6,development_089_2_1,,x_unbound_cmax,percent_source_normalised,sim_chip_development_089_2_1,sim_sample_development_089_2_1,sim_run_development_089,,not_applicable,,original
synthetic,development_089_3_0,sim_089,3,31.622776601683793,albumin_percent,106.55103372895603,False,generated,random_missing,7,development_089_3_0,,x_unbound_cmax,percent_source_normalised,sim_chip_development_089_3_0,sim_sample_development_089_3_0,sim_run_development_089,,not_applicable,,original
synthetic,development_089_3_1,sim_089,3,31.622776601683793,albumin_percent,,True,generated,random_missing,8,development_089_3_1,,x_unbound_cmax,percent_source_normalised,sim_chip_development_089_3_1,sim_sample_development_089_3_1,sim_run_development_089,,not_applicable,random_missing,original
synthetic,development_089_4_0,sim_089,3,100.0,albumin_percent,32.54646543282679,False,generated,random_missing,9,development_089_4_0,,x_unbound_cmax,percent_source_normalised,sim_chip_development_089_4_0,sim_sample_development_089_4_0,sim_run_development_089,,not_applicable,,original
synthetic,development_089_4_1,sim_089,3,100.0,albumin_percent,53.57661646703342,False,generated,random_missing,10,development_089_4_1,,x_unbound_cmax,percent_source_normalised,sim_chip_development_089_4_1,sim_sample_development_089_4_1,sim_run_development_089,,not_applicable,,original
synthetic,development_089_5_0,sim_089,3,316.22776601683796,albumin_percent,22.05096371234749,False,generated,random_missing,11,development_089_5_0,,x_unbound_cmax,percent_source_normalised,sim_chip_development_089_5_0,sim_sample_development_089_5_0,sim_run_development_089,,not_applicable,,original
synthetic,development_089_5_1,sim_089,3,316.22776601683796,albumin_percent,,True,generated,random_missing,12,development_089_5_1,,x_unbound_cmax,percent_source_normalised,sim_chip_development_089_5_1,sim_sample_development_089_5_1,sim_run_development_089,,not_applicable,random_missing,original
synthetic,development_090_0_0,sim_090,3,1.0,albumin_percent,126.32885275838314,False,generated,response_dependent_missing,1,development_090_0_0,,x_unbound_cmax,percent_source_normalised,sim_chip_development_090_0_0,sim_sample_development_090_0_0,sim_run_development_090,,not_applicable,,original
synthetic,development_090_0_1,sim_090,3,1.0,albumin_percent,132.0603268571476,False,generated,response_dependent_missing,2,development_090_0_1,,x_unbound_cmax,percent_source_normalised,sim_chip_development_090_0_1,sim_sample_development_090_0_1,sim_run_development_090,,not_applicable,,original
synthetic,development_090_1_0,sim_090,3,3.1622776601683795,albumin_percent,128.63687384929455,False,generated,response_dependent_missing,3,development_090_1_0,,x_unbound_cmax,percent_source_normalised,sim_chip_development_090_1_0,sim_sample_development_090_1_0,sim_run_development_090,,not_applicable,,original
synthetic,development_090_1_1,sim_090,3,3.1622776601683795,albumin_percent,122.72795142205023,False,generated,response_dependent_missing,4,development_090_1_1,,x_unbound_cmax,percent_source_normalised,sim_chip_development_090_1_1,sim_sample_development_090_1_1,sim_run_development_090,,not_applicable,,original
synthetic,development_090_2_0,sim_090,3,10.0,albumin_percent,113.43543417117618,False,generated,response_dependent_missing,5,development_090_2_0,,x_unbound_cmax,percent_source_normalised,sim_chip_development_090_2_0,sim_sample_development_090_2_0,sim_run_development_090,,not_applicable,,original
synthetic,development_090_2_1,sim_090,3,10.0,albumin_percent,129.51968985370934,False,generated,response_dependent_missing,6,development_090_2_1,,x_unbound_cmax,percent_source_normalised,sim_chip_development_090_2_1,sim_sample_development_090_2_1,sim_run_development_090,,not_applicable,,original
synthetic,development_090_3_0,sim_090,3,31.622776601683793,albumin_percent,123.91607288625508,False,generated,response_dependent_missing,7,development_090_3_0,,x_unbound_cmax,percent_source_normalised,sim_chip_development_090_3_0,sim_sample_development_090_3_0,sim_run_development_090,,not_applicable,,original
synthetic,development_090_3_1,sim_090,3,31.622776601683793,albumin_percent,111.71746005609153,False,generated,response_dependent_missing,8,development_090_3_1,,x_unbound_cmax,percent_source_normalised,sim_chip_development_090_3_1,sim_sample_development_090_3_1,sim_run_development_090,,not_applicable,,original
synthetic,development_090_4_0,sim_090,3,100.0,albumin_percent,89.55974015874851,False,generated,response_dependent_missing,9,development_090_4_0,,x_unbound_cmax,percent_source_normalised,sim_chip_development_090_4_0,sim_sample_development_090_4_0,sim_run_development_090,,not_applicable,,original
synthetic,development_090_4_1,sim_090,3,100.0,albumin_percent,69.5511643597914,False,generated,response_dependent_missing,10,development_090_4_1,,x_unbound_cmax,percent_source_normalised,sim_chip_development_090_4_1,sim_sample_development_090_4_1,sim_run_development_090,,not_applicable,,original
synthetic,development_090_5_0,sim_090,3,316.22776601683796,albumin_percent,,True,generated,response_dependent_missing,11,development_090_5_0,,x_unbound_cmax,percent_source_normalised,sim_chip_development_090_5_0,sim_sample_development_090_5_0,sim_run_development_090,,not_applicable,response_dependent_missing,original
synthetic,development_090_5_1,sim_090,3,316.22776601683796,albumin_percent,,True,generated,response_dependent_missing,12,development_090_5_1,,x_unbound_cmax,percent_source_normalised,sim_chip_development_090_5_1,sim_sample_development_090_5_1,sim_run_development_090,,not_applicable,response_dependent_missing,original
synthetic,development_091_0_0,sim_091,3,1.0,albumin_percent,129.94268539430536,False,generated,truncated_range,1,development_091_0_0,,x_unbound_cmax,percent_source_normalised,sim_chip_development_091_0_0,sim_sample_development_091_0_0,sim_run_development_091,,not_applicable,,original
synthetic,development_091_0_1,sim_091,3,1.0,albumin_percent,128.51326412790763,False,generated,truncated_range,2,development_091_0_1,,x_unbound_cmax,percent_source_normalised,sim_chip_development_091_0_1,sim_sample_development_091_0_1,sim_run_development_091,,not_applicable,,original
synthetic,development_091_1_0,sim_091,3,3.1622776601683795,albumin_percent,126.87448519122906,False,generated,truncated_range,3,development_091_1_0,,x_unbound_cmax,percent_source_normalised,sim_chip_development_091_1_0,sim_sample_development_091_1_0,sim_run_development_091,,not_applicable,,original
synthetic,development_091_1_1,sim_091,3,3.1622776601683795,albumin_percent,123.27466919316852,False,generated,truncated_range,4,development_091_1_1,,x_unbound_cmax,percent_source_normalised,sim_chip_development_091_1_1,sim_sample_development_091_1_1,sim_run_development_091,,not_applicable,,original
synthetic,development_091_2_0,sim_091,3,10.0,albumin_percent,139.86221579537477,False,generated,truncated_range,5,development_091_2_0,,x_unbound_cmax,percent_source_normalised,sim_chip_development_091_2_0,sim_sample_development_091_2_0,sim_run_development_091,,not_applicable,,original
synthetic,development_091_2_1,sim_091,3,10.0,albumin_percent,121.62493358010558,False,generated,truncated_range,6,development_091_2_1,,x_unbound_cmax,percent_source_normalised,sim_chip_development_091_2_1,sim_sample_development_091_2_1,sim_run_development_091,,not_applicable,,original
synthetic,development_091_3_0,sim_091,3,31.622776601683793,albumin_percent,84.9709430956242,False,generated,truncated_range,7,development_091_3_0,,x_unbound_cmax,percent_source_normalised,sim_chip_development_091_3_0,sim_sample_development_091_3_0,sim_run_development_091,,not_applicable,,original
synthetic,development_091_3_1,sim_091,3,31.622776601683793,albumin_percent,88.77642809299905,False,generated,truncated_range,8,development_091_3_1,,x_unbound_cmax,percent_source_normalised,sim_chip_development_091_3_1,sim_sample_development_091_3_1,sim_run_development_091,,not_applicable,,original
synthetic,development_092_0_0,sim_092,3,1.0,albumin_percent,118.2659188157935,False,generated,singletons,1,development_092_0_0,,x_unbound_cmax,percent_source_normalised,sim_chip_development_092_0_0,sim_sample_development_092_0_0,sim_run_development_092,,not_applicable,,original
synthetic,development_092_1_0,sim_092,3,3.1622776601683795,albumin_percent,117.48863128454909,False,generated,singletons,2,development_092_1_0,,x_unbound_cmax,percent_source_normalised,sim_chip_development_092_1_0,sim_sample_development_092_1_0,sim_run_development_092,,not_applicable,,original
synthetic,development_092_2_0,sim_092,3,10.0,albumin_percent,111.22041183829377,False,generated,singletons,3,development_092_2_0,,x_unbound_cmax,percent_source_normalised,sim_chip_development_092_2_0,sim_sample_development_092_2_0,sim_run_development_092,,not_applicable,,original
synthetic,development_092_3_0,sim_092,3,31.622776601683793,albumin_percent,97.46793728741072,False,generated,singletons,4,development_092_3_0,,x_unbound_cmax,percent_source_normalised,sim_chip_development_092_3_0,sim_sample_development_092_3_0,sim_run_development_092,,not_applicable,,original
synthetic,development_092_4_0,sim_092,3,100.0,albumin_percent,34.87027864498932,False,generated,singletons,5,development_092_4_0,,x_unbound_cmax,percent_source_normalised,sim_chip_development_092_4_0,sim_sample_development_092_4_0,sim_run_development_092,,not_applicable,,original
synthetic,development_092_5_0,sim_092,3,316.22776601683796,albumin_percent,12.471977814027817,False,generated,singletons,6,development_092_5_0,,x_unbound_cmax,percent_source_normalised,sim_chip_development_092_5_0,sim_sample_development_092_5_0,sim_run_development_092,,not_applicable,,original
synthetic,development_093_0_0,sim_093,3,1.0,albumin_percent,106.99178639468954,False,generated,influential_reading,1,development_093_0_0,,x_unbound_cmax,percent_source_normalised,sim_chip_development_093_0_0,sim_sample_development_093_0_0,sim_run_development_093,,not_applicable,,original
synthetic,development_093_0_1,sim_093,3,1.0,albumin_percent,128.92959458007618,False,generated,influential_reading,2,development_093_0_1,,x_unbound_cmax,percent_source_normalised,sim_chip_development_093_0_1,sim_sample_development_093_0_1,sim_run_development_093,,not_applicable,,original
synthetic,development_093_1_0,sim_093,3,3.1622776601683795,albumin_percent,104.55658216016141,False,generated,influential_reading,3,development_093_1_0,,x_unbound_cmax,percent_source_normalised,sim_chip_development_093_1_0,sim_sample_development_093_1_0,sim_run_development_093,,not_applicable,,original
synthetic,development_093_1_1,sim_093,3,3.1622776601683795,albumin_percent,104.71924227186196,False,generated,influential_reading,4,development_093_1_1,,x_unbound_cmax,percent_source_normalised,sim_chip_development_093_1_1,sim_sample_development_093_1_1,sim_run_development_093,,not_applicable,,original
synthetic,development_093_2_0,sim_093,3,10.0,albumin_percent,101.25338360654095,False,generated,influential_reading,5,development_093_2_0,,x_unbound_cmax,percent_source_normalised,sim_chip_development_093_2_0,sim_sample_development_093_2_0,sim_run_development_093,,not_applicable,,original
synthetic,development_093_2_1,sim_093,3,10.0,albumin_percent,112.1581881160002,False,generated,influential_reading,6,development_093_2_1,,x_unbound_cmax,percent_source_normalised,sim_chip_development_093_2_1,sim_sample_development_093_2_1,sim_run_development_093,,not_applicable,,original
synthetic,development_093_3_0,sim_093,3,31.622776601683793,albumin_percent,143.80459283930116,False,generated,influential_reading,7,development_093_3_0,,x_unbound_cmax,percent_source_normalised,sim_chip_development_093_3_0,sim_sample_development_093_3_0,sim_run_development_093,,not_applicable,,original
synthetic,development_093_3_1,sim_093,3,31.622776601683793,albumin_percent,58.54403582616368,False,generated,influential_reading,8,development_093_3_1,,x_unbound_cmax,percent_source_normalised,sim_chip_development_093_3_1,sim_sample_development_093_3_1,sim_run_development_093,,not_applicable,,original
synthetic,development_093_4_0,sim_093,3,100.0,albumin_percent,35.149727529286906,False,generated,influential_reading,9,development_093_4_0,,x_unbound_cmax,percent_source_normalised,sim_chip_development_093_4_0,sim_sample_development_093_4_0,sim_run_development_093,,not_applicable,,original
synthetic,development_093_4_1,sim_093,3,100.0,albumin_percent,22.630756941462842,False,generated,influential_reading,10,development_093_4_1,,x_unbound_cmax,percent_source_normalised,sim_chip_development_093_4_1,sim_sample_development_093_4_1,sim_run_development_093,,not_applicable,,original
synthetic,development_093_5_0,sim_093,3,316.22776601683796,albumin_percent,33.735751758931315,False,generated,influential_reading,11,development_093_5_0,,x_unbound_cmax,percent_source_normalised,sim_chip_development_093_5_0,sim_sample_development_093_5_0,sim_run_development_093,,not_applicable,,original
synthetic,development_093_5_1,sim_093,3,316.22776601683796,albumin_percent,25.86115566269937,False,generated,influential_reading,12,development_093_5_1,,x_unbound_cmax,percent_source_normalised,sim_chip_development_093_5_1,sim_sample_development_093_5_1,sim_run_development_093,,not_applicable,,original
synthetic,development_094_0_0,sim_094,3,1.0,albumin_percent,105.41079460420806,False,generated,non_monotonic,1,development_094_0_0,,x_unbound_cmax,percent_source_normalised,sim_chip_development_094_0_0,sim_sample_development_094_0_0,sim_run_development_094,,not_applicable,,original
synthetic,development_094_0_1,sim_094,3,1.0,albumin_percent,101.82044570437603,False,generated,non_monotonic,2,development_094_0_1,,x_unbound_cmax,percent_source_normalised,sim_chip_development_094_0_1,sim_sample_development_094_0_1,sim_run_development_094,,not_applicable,,original
synthetic,development_094_1_0,sim_094,3,3.1622776601683795,albumin_percent,108.51554954196838,False,generated,non_monotonic,3,development_094_1_0,,x_unbound_cmax,percent_source_normalised,sim_chip_development_094_1_0,sim_sample_development_094_1_0,sim_run_development_094,,not_applicable,,original
synthetic,development_094_1_1,sim_094,3,3.1622776601683795,albumin_percent,109.61035826602934,False,generated,non_monotonic,4,development_094_1_1,,x_unbound_cmax,percent_source_normalised,sim_chip_development_094_1_1,sim_sample_development_094_1_1,sim_run_development_094,,not_applicable,,original
synthetic,development_094_2_0,sim_094,3,10.0,albumin_percent,92.5629756413474,False,generated,non_monotonic,5,development_094_2_0,,x_unbound_cmax,percent_source_normalised,sim_chip_development_094_2_0,sim_sample_development_094_2_0,sim_run_development_094,,not_applicable,,original
synthetic,development_094_2_1,sim_094,3,10.0,albumin_percent,111.2733615423884,False,generated,non_monotonic,6,development_094_2_1,,x_unbound_cmax,percent_source_normalised,sim_chip_development_094_2_1,sim_sample_development_094_2_1,sim_run_development_094,,not_applicable,,original
synthetic,development_094_3_0,sim_094,3,31.622776601683793,albumin_percent,27.281579499694665,False,generated,non_monotonic,7,development_094_3_0,,x_unbound_cmax,percent_source_normalised,sim_chip_development_094_3_0,sim_sample_development_094_3_0,sim_run_development_094,,not_applicable,,original
synthetic,development_094_3_1,sim_094,3,31.622776601683793,albumin_percent,28.686180709004887,False,generated,non_monotonic,8,development_094_3_1,,x_unbound_cmax,percent_source_normalised,sim_chip_development_094_3_1,sim_sample_development_094_3_1,sim_run_development_094,,not_applicable,,original
synthetic,development_094_4_0,sim_094,3,100.0,albumin_percent,55.707915070746154,False,generated,non_monotonic,9,development_094_4_0,,x_unbound_cmax,percent_source_normalised,sim_chip_development_094_4_0,sim_sample_development_094_4_0,sim_run_development_094,,not_applicable,,original
synthetic,development_094_4_1,sim_094,3,100.0,albumin_percent,55.73070063691999,False,generated,non_monotonic,10,development_094_4_1,,x_unbound_cmax,percent_source_normalised,sim_chip_development_094_4_1,sim_sample_development_094_4_1,sim_run_development_094,,not_applicable,,original
synthetic,development_094_5_0,sim_094,3,316.22776601683796,albumin_percent,20.51515225644108,False,generated,non_monotonic,11,development_094_5_0,,x_unbound_cmax,percent_source_normalised,sim_chip_development_094_5_0,sim_sample_development_094_5_0,sim_run_development_094,,not_applicable,,original
synthetic,development_094_5_1,sim_094,3,316.22776601683796,albumin_percent,12.650404961834312,False,generated,non_monotonic,12,development_094_5_1,,x_unbound_cmax,percent_source_normalised,sim_chip_development_094_5_1,sim_sample_development_094_5_1,sim_run_development_094,,not_applicable,,original
synthetic,development_095_0_0,sim_095,3,1.0,albumin_percent,141.85593418297043,False,generated,run_shift,1,development_095_0_0,,x_unbound_cmax,percent_source_normalised,sim_chip_development_095_0_0,sim_sample_development_095_0_0,sim_run_development_095,,not_applicable,,original
synthetic,development_095_0_1,sim_095,3,1.0,albumin_percent,137.82746699778647,False,generated,run_shift,2,development_095_0_1,,x_unbound_cmax,percent_source_normalised,sim_chip_development_095_0_1,sim_sample_development_095_0_1,sim_run_development_095,,not_applicable,,original
synthetic,development_095_1_0,sim_095,3,3.1622776601683795,albumin_percent,143.29697240920396,False,generated,run_shift,3,development_095_1_0,,x_unbound_cmax,percent_source_normalised,sim_chip_development_095_1_0,sim_sample_development_095_1_0,sim_run_development_095,,not_applicable,,original
synthetic,development_095_1_1,sim_095,3,3.1622776601683795,albumin_percent,122.52763395856931,False,generated,run_shift,4,development_095_1_1,,x_unbound_cmax,percent_source_normalised,sim_chip_development_095_1_1,sim_sample_development_095_1_1,sim_run_development_095,,not_applicable,,original
synthetic,development_095_2_0,sim_095,3,10.0,albumin_percent,123.94612046588752,False,generated,run_shift,5,development_095_2_0,,x_unbound_cmax,percent_source_normalised,sim_chip_development_095_2_0,sim_sample_development_095_2_0,sim_run_development_095,,not_applicable,,original
synthetic,development_095_2_1,sim_095,3,10.0,albumin_percent,129.3202176426335,False,generated,run_shift,6,development_095_2_1,,x_unbound_cmax,percent_source_normalised,sim_chip_development_095_2_1,sim_sample_development_095_2_1,sim_run_development_095,,not_applicable,,original
synthetic,development_095_3_0,sim_095,3,31.622776601683793,albumin_percent,93.15596823598366,False,generated,run_shift,7,development_095_3_0,,x_unbound_cmax,percent_source_normalised,sim_chip_development_095_3_0,sim_sample_development_095_3_0,sim_run_development_095,,not_applicable,,original
synthetic,development_095_3_1,sim_095,3,31.622776601683793,albumin_percent,85.0261094917631,False,generated,run_shift,8,development_095_3_1,,x_unbound_cmax,percent_source_normalised,sim_chip_development_095_3_1,sim_sample_development_095_3_1,sim_run_development_095,,not_applicable,,original
synthetic,development_095_4_0,sim_095,3,100.0,albumin_percent,51.052780351679914,False,generated,run_shift,9,development_095_4_0,,x_unbound_cmax,percent_source_normalised,sim_chip_development_095_4_0,sim_sample_development_095_4_0,sim_run_development_095,,not_applicable,,original
synthetic,development_095_4_1,sim_095,3,100.0,albumin_percent,45.39361693508853,False,generated,run_shift,10,development_095_4_1,,x_unbound_cmax,percent_source_normalised,sim_chip_development_095_4_1,sim_sample_development_095_4_1,sim_run_development_095,,not_applicable,,original
synthetic,development_095_5_0,sim_095,3,316.22776601683796,albumin_percent,47.37462416062198,False,generated,run_shift,11,development_095_5_0,,x_unbound_cmax,percent_source_normalised,sim_chip_development_095_5_0,sim_sample_development_095_5_0,sim_run_development_095,,not_applicable,,original
synthetic,development_095_5_1,sim_095,3,316.22776601683796,albumin_percent,46.18059603444186,False,generated,run_shift,12,development_095_5_1,,x_unbound_cmax,percent_source_normalised,sim_chip_development_095_5_1,sim_sample_development_095_5_1,sim_run_development_095,,not_applicable,,original
